{"$id":"1","m_Area":{"$id":"2","m_Parts":{"$id":"3","m_Facts":[],"ActiveByDefault":false},"Blueprint":"4ae70211cd73c1d4884b3b3ff2a61fbb","m_ComponentsData":[{"$id":"4","ComponentName":"$DeactivateTrigger$658aafb9-737d-43e4-9e6a-41ee33d566f9"},{"$id":"5","ComponentName":"$UnitHealthTrigger$ee7f66b3-a6c6-4aa7-8c30-87e5642bfd45"},{"$id":"6","ComponentName":"$ActivateTrigger$74c5bf2f-7046-4311-8321-799271e1872b","m_AlreadyTriggered":true},{"$id":"7","ComponentName":"$SummonPoolTrigger$cc6c0914-fcd8-4dce-9f26-af88a742fdc7"}],"Initialized":true,"Active":false,"SourceItem":null,"SourceCutscene":null},"m_MainState":{"$id":"8","BitexSave":false,"m_NeedEnchantmentsFix":false,"SceneName":"NettlesCrossing_Mechanics","m_EntityData":[{"$id":"9","$type":"Kingmaker.EntitySystem.Entities.MapObjectEntityData, Assembly-CSharp","m_ComponentsData":[{"$id":"10","ComponentTypeName":"AreaTransition","Data":{"$id":"11","$type":"Kingmaker.View.MapObjects.AreaTransition+AreaTransitionData, Assembly-CSharp","AlreadyUnlocked":true}},{"$id":"12","ComponentTypeName":"LocalMapMarker","Data":{"$id":"13","$type":"Kingmaker.View.MapObjects.LocalMapMarker+MapMarkerData, Assembly-CSharp","Hidden":false}}],"LastPerceptionRollRank":[],"FreeformData":{"m_Data":[]},"m_IsInGame":true,"m_IsRevealed":true,"WasHighlightedOnReveal":true,"IsPerceptionCheckPassed":true,"UniqueId":"6601bd2f-2712-4e75-9d99-cbdd0d4c8d75","ShouldBeDestroyed":false,"ShouldFadeOutViewAndDestroy":false},{"$id":"14","$type":"Kingmaker.EntitySystem.Entities.MapObjectEntityData, Assembly-CSharp","m_ComponentsData":[{"$id":"15","ComponentTypeName":"ShowBark","Data":{"$id":"16","$type":"Kingmaker.View.MapObjects.InteractionComponent+InteractionComponentPersistentData, Assembly-CSharp","PlayersClose":[],"AlreadyUnlocked":true,"Enabled":true}}],"LastPerceptionRollRank":[],"FreeformData":{"m_Data":[]},"m_IsInGame":true,"m_IsRevealed":true,"WasHighlightedOnReveal":false,"IsPerceptionCheckPassed":true,"UniqueId":"94f43559-1dd4-4765-9f8e-fa01c4a8e027","ShouldBeDestroyed":false,"ShouldFadeOutViewAndDestroy":false},{"$id":"17","$type":"Kingmaker.EntitySystem.Entities.MapObjectEntityData, Assembly-CSharp","m_ComponentsData":[{"$id":"18","ComponentTypeName":"ShowBark","Data":{"$id":"19","$type":"Kingmaker.View.MapObjects.InteractionComponent+InteractionComponentPersistentData, Assembly-CSharp","PlayersClose":[],"AlreadyUnlocked":true,"Enabled":true}}],"LastPerceptionRollRank":[],"FreeformData":{"m_Data":[]},"m_IsInGame":true,"m_IsRevealed":true,"WasHighlightedOnReveal":false,"IsPerceptionCheckPassed":true,"UniqueId":"54ca8c92-a90d-44dd-baad-bb253a3a59d2","ShouldBeDestroyed":false,"ShouldFadeOutViewAndDestroy":false},{"$id":"20","$type":"Kingmaker.EntitySystem.Entities.MapObjectEntityData, Assembly-CSharp","m_ComponentsData":[{"$id":"21","ComponentTypeName":"ShowBark","Data":{"$id":"22","$type":"Kingmaker.View.MapObjects.InteractionComponent+InteractionComponentPersistentData, Assembly-CSharp","PlayersClose":[],"AlreadyUnlocked":true,"Enabled":true}}],"LastPerceptionRollRank":[],"FreeformData":{"m_Data":[]},"m_IsInGame":true,"m_IsRevealed":true,"WasHighlightedOnReveal":false,"IsPerceptionCheckPassed":true,"UniqueId":"233b647a-9ce7-47ae-aa5d-3d4409e87dba","ShouldBeDestroyed":false,"ShouldFadeOutViewAndDestroy":false},{"$id":"23","$type":"Kingmaker.View.LocatorView+EntityData, Assembly-CSharp","FreeformData":{"m_Data":[]},"m_IsInGame":true,"m_IsRevealed":false,"UniqueId":"7e3ae7f9-dae8-415f-a4b1-3768c4aa6857","ShouldBeDestroyed":false,"ShouldFadeOutViewAndDestroy":false},{"$id":"24","$type":"Kingmaker.View.LocatorView+EntityData, Assembly-CSharp","FreeformData":{"m_Data":[]},"m_IsInGame":true,"m_IsRevealed":false,"UniqueId":"35063efc-e7b2-40bb-b527-b24c03e48669","ShouldBeDestroyed":false,"ShouldFadeOutViewAndDestroy":false},{"$id":"25","$type":"Kingmaker.EntitySystem.Entities.MapObjectEntityData, Assembly-CSharp","m_ComponentsData":[{"$id":"26","ComponentTypeName":"LootComponent","Data":{"$id":"27","$type":"Kingmaker.View.MapObjects.LootComponent+LootPersistentData, Assembly-CSharp","Unit":null,"Loot":{"$id":"28","m_Items":[{"$id":"29","$type":"Kingmaker.Items.ItemEntitySimple, Assembly-CSharp","m_Blueprint":"c6affaa3e3661924689d5fe2f45793aa","m_Count":1,"m_InventorySlotIndex":0,"m_Enchantments":null,"m_FactsAppliedToWielder":null,"m_SkinningSuccessful":false,"m_IdentifyRolls":[],"Collection":{"$ref":"28"},"Wielder":null,"HoldingSlot":null,"Time":"00:00:00","Ability":null,"ActivatableAbility":null,"Charges":0,"IsIdentified":true,"SellTime":null,"IsNonRemovable":false}],"Owner":null},"m_KnownItems":[{"Key":"c6affaa3e3661924689d5fe2f45793aa","Value":1}],"PlayersClose":[],"AlreadyUnlocked":false,"Enabled":true,"TriggeredTake":false,"TriggeredClose":false,"IsViewed":false}},{"$id":"30","ComponentTypeName":"LocalMapMarker","Data":{"$id":"31","$type":"Kingmaker.View.MapObjects.LocalMapMarker+MapMarkerData, Assembly-CSharp","Hidden":false}}],"LastPerceptionRollRank":[],"FreeformData":{"m_Data":[]},"m_IsInGame":true,"m_IsRevealed":false,"WasHighlightedOnReveal":false,"IsPerceptionCheckPassed":false,"UniqueId":"f0daf1f4-7831-4f11-a0de-ccab613db080","ShouldBeDestroyed":false,"ShouldFadeOutViewAndDestroy":false},{"$id":"32","$type":"Kingmaker.EntitySystem.Entities.MapObjectEntityData, Assembly-CSharp","m_ComponentsData":[{"$id":"33","ComponentTypeName":"LootComponent","Data":{"$id":"34","$type":"Kingmaker.View.MapObjects.LootComponent+LootPersistentData, Assembly-CSharp","Unit":null,"Loot":{"$id":"35","m_Items":[{"$id":"36","$type":"Kingmaker.Items.ItemEntityUsable, Assembly-CSharp","m_Blueprint":"755b60529a25f1e4f8e44436d927fc6f","m_Count":1,"m_InventorySlotIndex":0,"m_Enchantments":null,"m_FactsAppliedToWielder":null,"m_SkinningSuccessful":false,"m_IdentifyRolls":[],"Collection":{"$ref":"35"},"Wielder":null,"HoldingSlot":null,"Time":"00:00:00","Ability":null,"ActivatableAbility":null,"Charges":1,"IsIdentified":true,"SellTime":null,"IsNonRemovable":false},{"$id":"37","$type":"Kingmaker.Items.ItemEntitySimple, Assembly-CSharp","m_Blueprint":"212a1a78c7865154482ffda45796510e","m_Count":1,"m_InventorySlotIndex":1,"m_Enchantments":null,"m_FactsAppliedToWielder":null,"m_SkinningSuccessful":false,"m_IdentifyRolls":[],"Collection":{"$ref":"35"},"Wielder":null,"HoldingSlot":null,"Time":"00:00:00","Ability":null,"ActivatableAbility":null,"Charges":0,"IsIdentified":true,"SellTime":null,"IsNonRemovable":false},{"$id":"38","$type":"Kingmaker.Items.ItemEntitySimple, Assembly-CSharp","m_Blueprint":"ace260b578df98d4c89cfc6a4e7dc4c9","m_Count":1,"m_InventorySlotIndex":2,"m_Enchantments":null,"m_FactsAppliedToWielder":null,"m_SkinningSuccessful":false,"m_IdentifyRolls":[],"Collection":{"$ref":"35"},"Wielder":null,"HoldingSlot":null,"Time":"00:00:00","Ability":null,"ActivatableAbility":null,"Charges":0,"IsIdentified":true,"SellTime":null,"IsNonRemovable":false},{"$id":"39","$type":"Kingmaker.Items.ItemEntitySimple, Assembly-CSharp","m_Blueprint":"5f5ae4248e3d2bb479007ac219a8e3c2","m_Count":1,"m_InventorySlotIndex":3,"m_Enchantments":null,"m_FactsAppliedToWielder":null,"m_SkinningSuccessful":false,"m_IdentifyRolls":[],"Collection":{"$ref":"35"},"Wielder":null,"HoldingSlot":null,"Time":"00:00:00","Ability":null,"ActivatableAbility":null,"Charges":0,"IsIdentified":true,"SellTime":null,"IsNonRemovable":false},{"$id":"40","$type":"Kingmaker.Items.ItemEntityUsable, Assembly-CSharp","m_Blueprint":"e10f63bd61591554791d133270f8d80f","m_Count":1,"m_InventorySlotIndex":4,"m_Enchantments":null,"m_FactsAppliedToWielder":null,"m_SkinningSuccessful":false,"m_IdentifyRolls":[],"Collection":{"$ref":"35"},"Wielder":null,"HoldingSlot":null,"Time":"00:00:00","Ability":null,"ActivatableAbility":null,"Charges":1,"IsIdentified":true,"SellTime":null,"IsNonRemovable":false},{"$id":"41","$type":"Kingmaker.Items.ItemEntitySimple, Assembly-CSharp","m_Blueprint":"f2bc0997c24e573448c6c91d2be88afa","m_Count":14,"m_InventorySlotIndex":5,"m_Enchantments":null,"m_FactsAppliedToWielder":null,"m_SkinningSuccessful":false,"m_IdentifyRolls":[],"Collection":{"$ref":"35"},"Wielder":null,"HoldingSlot":null,"Time":"00:00:00","Ability":null,"ActivatableAbility":null,"Charges":0,"IsIdentified":true,"SellTime":null,"IsNonRemovable":false}],"Owner":null},"m_KnownItems":[{"Key":"755b60529a25f1e4f8e44436d927fc6f","Value":1},{"Key":"212a1a78c7865154482ffda45796510e","Value":1},{"Key":"ace260b578df98d4c89cfc6a4e7dc4c9","Value":1},{"Key":"5f5ae4248e3d2bb479007ac219a8e3c2","Value":1},{"Key":"e10f63bd61591554791d133270f8d80f","Value":1},{"Key":"f2bc0997c24e573448c6c91d2be88afa","Value":14}],"PlayersClose":[],"AlreadyUnlocked":false,"Enabled":true,"TriggeredTake":false,"TriggeredClose":false,"IsViewed":false}},{"$id":"42","ComponentTypeName":"LocalMapMarker","Data":{"$id":"43","$type":"Kingmaker.View.MapObjects.LocalMapMarker+MapMarkerData, Assembly-CSharp","Hidden":false}}],"LastPerceptionRollRank":[],"FreeformData":{"m_Data":[]},"m_IsInGame":true,"m_IsRevealed":false,"WasHighlightedOnReveal":false,"IsPerceptionCheckPassed":false,"UniqueId":"8cb529dc-4bbf-40ef-941d-2ac04244af65","ShouldBeDestroyed":false,"ShouldFadeOutViewAndDestroy":false},{"$id":"44","$type":"Kingmaker.EntitySystem.Entities.MapObjectEntityData, Assembly-CSharp","m_ComponentsData":[{"$id":"45","ComponentTypeName":"LootComponent","Data":{"$id":"46","$type":"Kingmaker.View.MapObjects.LootComponent+LootPersistentData, Assembly-CSharp","Unit":null,"Loot":{"$id":"47","m_Items":[{"$id":"48","$type":"Kingmaker.Items.ItemEntitySimple, Assembly-CSharp","m_Blueprint":"f333bf86cd122974792162cbcd27c9ed","m_Count":1,"m_InventorySlotIndex":0,"m_Enchantments":{"$id":"49","m_Facts":[{"$id":"50","$type":"Kingmaker.Blueprints.Items.Ecnchantments.ItemEnchantment, Assembly-CSharp","m_ParentContext":null,"m_CurrentContext":null,"Blueprint":"990dcac8a5af75340916324383deac53","m_ComponentsData":[{"$id":"51","ComponentName":"$AddStatBonusEquipment$666b4f87-5f4e-4833-a7c8-0b087b41efdf"}],"EndTime":"00:00:00","RemoveOnUnequipItem":false,"Owner":{"$ref":"48"},"Initialized":true,"Active":false,"SourceItem":null,"SourceCutscene":null}],"Owner":{"$ref":"48"},"ActiveByDefault":false},"m_FactsAppliedToWielder":null,"m_SkinningSuccessful":false,"m_IdentifyRolls":[],"Collection":{"$ref":"47"},"Wielder":null,"HoldingSlot":null,"Time":"00:00:00","Ability":null,"ActivatableAbility":null,"Charges":0,"IsIdentified":false,"SellTime":null,"IsNonRemovable":false},{"$id":"52","$type":"Kingmaker.Items.ItemEntitySimple, Assembly-CSharp","m_Blueprint":"f2bc0997c24e573448c6c91d2be88afa","m_Count":200,"m_InventorySlotIndex":1,"m_Enchantments":null,"m_FactsAppliedToWielder":null,"m_SkinningSuccessful":false,"m_IdentifyRolls":[],"Collection":{"$ref":"47"},"Wielder":null,"HoldingSlot":null,"Time":"00:00:00","Ability":null,"ActivatableAbility":null,"Charges":0,"IsIdentified":true,"SellTime":null,"IsNonRemovable":false}],"Owner":null},"m_KnownItems":[{"Key":"f333bf86cd122974792162cbcd27c9ed","Value":1},{"Key":"f2bc0997c24e573448c6c91d2be88afa","Value":200}],"PlayersClose":[],"AlreadyUnlocked":false,"Enabled":true,"TriggeredTake":false,"TriggeredClose":false,"IsViewed":false}},{"$id":"53","ComponentTypeName":"LocalMapMarker","Data":{"$id":"54","$type":"Kingmaker.View.MapObjects.LocalMapMarker+MapMarkerData, Assembly-CSharp","Hidden":false}},{"$id":"55","ComponentTypeName":"DisableDeviceRestriction","Data":{"$id":"56","$type":"Kingmaker.View.MapObjects.InteractionRestrictions.DisableDeviceRestriction+DisableDeviceRestrictionData, Assembly-CSharp","DCOverride":27,"LastSkillRank":[],"Unlocked":false}}],"LastPerceptionRollRank":[],"FreeformData":{"m_Data":[]},"m_IsInGame":true,"m_IsRevealed":false,"WasHighlightedOnReveal":false,"IsPerceptionCheckPassed":false,"UniqueId":"7ba99de0-cc0e-4560-b2f0-1d74a4cc7331","ShouldBeDestroyed":false,"ShouldFadeOutViewAndDestroy":false},{"$id":"57","$type":"Kingmaker.View.MapObjects.SriptZones.ScriptZone+ScriptZoneData, Assembly-CSharp","IsActive":true,"LastPerceptionRollRank":[],"FreeformData":{"m_Data":[]},"m_ComponentsData":null,"m_IsInGame":true,"m_IsRevealed":true,"WasHighlightedOnReveal":true,"IsPerceptionCheckPassed":true,"UniqueId":"30be8837-500d-4027-8976-8ff85e37d919","ShouldBeDestroyed":false,"ShouldFadeOutViewAndDestroy":false},{"$id":"58","$type":"Kingmaker.EntitySystem.Entities.UnitEntityData, Assembly-CSharp","m_GroupId":"39028b16-177e-4717-9439-92ba2c5bfbf3","m_SavedRagdoll":null,"m_AiEnabled":true,"m_Orientation":352.302948,"HoldState":false,"Stealth":{"$id":"59","m_SpottedBy":[],"CachedRoll":0,"FullSpeed":false,"ShouldExitStealth":false,"WantEnterStealth":false,"LastNearEnemyTime":"00:00:00","NearEnemyPenalty":0.0,"ForceEnterStealth":false,"BecameInvisibleThisFrame":false,"InAmbush":false,"AmbushJoinCombatDistance":0.0},"m_AutoUseAbility":null,"SpawnPosition":{"$type":"UnityEngine.Vector3, UnityEngine.CoreModule, Version=0.0.0.0, Culture=neutral, PublicKeyToken=null","x":0.0,"y":0.0,"z":0.0},"Sleepless":false,"PreventDirectControl":{"$id":"60","m_Count":0},"m_IsDeathRevealed":false,"FreeformData":{"m_Data":[]},"m_IsInGame":true,"m_IsRevealed":true,"LastMoveTime":"3.14:40:11.8550000","Descriptor":{"$id":"61","m_Inventory":{"$id":"62","m_Items":[{"$id":"63","$type":"Kingmaker.Items.ItemEntityWeapon, Assembly-CSharp","Second":null,"m_Blueprint":"a274797602228e5428696a1c2f3cdb87","m_Count":1,"m_InventorySlotIndex":-1,"m_Enchantments":{"$id":"64","m_Facts":[{"$id":"65","$type":"Kingmaker.Blueprints.Items.Ecnchantments.ItemEnchantment, Assembly-CSharp","m_ParentContext":null,"m_CurrentContext":{"$id":"66","m_OwnerDescriptor":{"$ref":"61"},"m_CasterReference":{"m_UniqueId":"39028b16-177e-4717-9439-92ba2c5bfbf3"},"m_Ranks":[0,0,0,0,0,0,0],"m_SharedValues":[0,0,0,0,0,0],"m_Params":null,"AssociatedBlueprint":"d42fc23b92c640846ac137dc26e000d4","ParentContext":null,"m_MainTarget":null,"Params":{"SpellSource":"Unknown","CasterLevel":1,"SpellLevel":1,"DC":11},"SpellDescriptor":"None","SpellSchool":"None","SpellLevel":0,"Direction":{"$type":"UnityEngine.Vector3, UnityEngine.CoreModule, Version=0.0.0.0, Culture=neutral, PublicKeyToken=null","x":0.0,"y":0.0,"z":0.0}},"Blueprint":"d42fc23b92c640846ac137dc26e000d4","m_ComponentsData":[{"$id":"67","ComponentName":"$WeaponEnhancementBonus$f1459788-04d5-4128-ad25-dace4b8dee42"}],"EndTime":"00:00:00","RemoveOnUnequipItem":false,"Owner":{"$ref":"63"},"Initialized":true,"Active":true,"SourceItem":null,"SourceCutscene":{"$id":"68","EntityId":"c36e181e-9f08-4d68-865a-560112d551a5","Name":"NettleStartDialog","State":"NettlesCrossing_Mechanics"}}],"Owner":{"$ref":"63"},"ActiveByDefault":true},"m_FactsAppliedToWielder":[],"m_SkinningSuccessful":false,"m_IdentifyRolls":[],"ForceSecondary":false,"IsSecondPartOfDoubleWeapon":false,"IsShield":false,"Collection":{"$ref":"62"},"Wielder":{"$ref":"61"},"HoldingSlot":{"$id":"69","$type":"Kingmaker.Items.Slots.HandSlot, Assembly-CSharp","Owner":{"$ref":"61"},"Lock":{"$id":"70","m_Count":0},"m_Item":{"$ref":"63"},"m_DeactivateFlag":{"$id":"71","m_Count":0},"m_Active":true},"Time":"00:00:00","Ability":null,"ActivatableAbility":null,"Charges":0,"IsIdentified":false,"SellTime":null,"IsNonRemovable":false}],"Owner":{"$ref":"61"}},"m_Damage":0,"m_Spellbooks":[],"m_Parts":{"$id":"72","m_Parts":[{"Key":"Kingmaker.UnitLogic.Parts.UnitPartInteractions, Assembly-CSharp, Version=0.0.0.0, Culture=neutral, PublicKeyToken=null","Value":{"$id":"73","$type":"Kingmaker.UnitLogic.Parts.UnitPartInteractions, Assembly-CSharp","Owner":{"$ref":"61"}}}],"m_Owner":{"$ref":"61"}},"Stats":{"$id":"74","HitPoints":{"$id":"75","m_BaseStat":"Constitution","m_Stats":{"$ref":"74"},"m_BaseStatModifier":null,"Type":"HitPoints","m_DependentFacts":null,"m_BaseValue":16,"m_Dependents":null,"PermanentValue":16,"PersistentModifierList":[]},"TemporaryHitPoints":{"$id":"76","Type":"TemporaryHitPoints","m_DependentFacts":null,"m_BaseValue":0,"m_Dependents":null,"PermanentValue":0,"PersistentModifierList":null},"AC":{"$id":"77","m_Stats":{"$ref":"74"},"m_DexBonusLimiters":null,"m_DexBonus":{"$id":"78","ModDescriptor":"DexterityBonus","StackMode":"Default","ModValue":3,"Source":null,"SourceComponent":null,"ItemSource":null},"Type":"AC","m_DependentFacts":null,"m_BaseValue":10,"m_Dependents":null,"PermanentValue":10,"PersistentModifierList":[{"$ref":"78"},{"$id":"79","ModDescriptor":"Size","StackMode":"Default","ModValue":0,"Source":null,"SourceComponent":null,"ItemSource":null}]},"AdditionalAttackBonus":{"$id":"80","Type":"AdditionalAttackBonus","m_BaseValue":0,"m_Dependents":null,"m_DependentFacts":null,"PermanentValue":0,"PersistentModifierList":[{"$id":"81","ModDescriptor":"Size","StackMode":"Default","ModValue":0,"Source":null,"SourceComponent":null,"ItemSource":null}]},"AdditionalDamage":{"$id":"82","Type":"AdditionalDamage","m_BaseValue":0,"m_Dependents":null,"m_DependentFacts":null,"PermanentValue":0,"PersistentModifierList":null},"BaseAttackBonus":{"$id":"83","Type":"BaseAttackBonus","m_BaseValue":2,"m_Dependents":null,"m_DependentFacts":null,"PermanentValue":2,"PersistentModifierList":null},"AttackOfOpportunityCount":{"$id":"84","Type":"AttackOfOpportunityCount","m_BaseValue":1,"m_Dependents":null,"m_DependentFacts":null,"PermanentValue":1,"PersistentModifierList":null},"Speed":{"$id":"85","Type":"Speed","m_DependentFacts":null,"m_BaseValue":30,"m_Dependents":null,"PermanentValue":30,"PersistentModifierList":null},"Charisma":{"$id":"86","m_Disabled":{"$id":"87","m_Count":0},"Type":"Charisma","m_DependentFacts":null,"m_BaseValue":10,"m_Dependents":[{"$id":"88","$type":"Kingmaker.EntitySystem.Stats.ModifiableValueSkill, Assembly-CSharp","BaseStat":{"$ref":"86"},"ClassSkill":{"$id":"89","m_Count":3},"Type":"SkillPersuasion","m_DependentFacts":null,"m_BaseValue":0,"m_Dependents":[{"$id":"90","$type":"Kingmaker.EntitySystem.Stats.ModifiableValueDependant, Assembly-CSharp","BaseStat":{"$ref":"88"},"Type":"CheckBluff","m_DependentFacts":null,"m_BaseValue":0,"m_Dependents":null,"PermanentValue":0,"PersistentModifierList":null},{"$id":"91","$type":"Kingmaker.EntitySystem.Stats.ModifiableValueDependant, Assembly-CSharp","BaseStat":{"$ref":"88"},"Type":"CheckDiplomacy","m_DependentFacts":null,"m_BaseValue":0,"m_Dependents":null,"PermanentValue":0,"PersistentModifierList":null},{"$id":"92","$type":"Kingmaker.EntitySystem.Stats.ModifiableValueDependant, Assembly-CSharp","BaseStat":{"$ref":"88"},"Type":"CheckIntimidate","m_DependentFacts":null,"m_BaseValue":0,"m_Dependents":null,"PermanentValue":0,"PersistentModifierList":null}],"PermanentValue":0,"PersistentModifierList":null},{"$id":"93","$type":"Kingmaker.EntitySystem.Stats.ModifiableValueSkill, Assembly-CSharp","BaseStat":{"$ref":"86"},"ClassSkill":{"$id":"94","m_Count":0},"Type":"SkillUseMagicDevice","m_DependentFacts":null,"m_BaseValue":0,"m_Dependents":null,"PermanentValue":0,"PersistentModifierList":null}],"PermanentValue":10,"PersistentModifierList":[]},"AdditionalCMB":{"$id":"95","Type":"AdditionalCMB","m_BaseValue":0,"m_Dependents":null,"m_DependentFacts":null,"PermanentValue":0,"PersistentModifierList":null},"AdditionalCMD":{"$id":"96","Type":"AdditionalCMD","m_BaseValue":0,"m_Dependents":null,"m_DependentFacts":null,"PermanentValue":0,"PersistentModifierList":null},"Constitution":{"$id":"97","m_Disabled":{"$id":"98","m_Count":0},"Type":"Constitution","m_DependentFacts":null,"m_BaseValue":10,"m_Dependents":[{"$id":"99","$type":"Kingmaker.EntitySystem.Stats.ModifiableValueSavingThrow, Assembly-CSharp","BaseStat":{"$ref":"97"},"Type":"SaveFortitude","m_DependentFacts":null,"m_BaseValue":2,"m_Dependents":null,"PermanentValue":2,"PersistentModifierList":[]},{"$ref":"75"}],"PermanentValue":10,"PersistentModifierList":null},"Dexterity":{"$id":"100","m_Disabled":{"$id":"101","m_Count":0},"Type":"Dexterity","m_DependentFacts":null,"m_BaseValue":16,"m_Dependents":[{"$ref":"77"},{"$id":"102","$type":"Kingmaker.EntitySystem.Stats.ModifiableValueSavingThrow, Assembly-CSharp","BaseStat":{"$ref":"100"},"Type":"SaveReflex","m_DependentFacts":null,"m_BaseValue":0,"m_Dependents":null,"PermanentValue":3,"PersistentModifierList":null},{"$id":"103","$type":"Kingmaker.EntitySystem.Stats.ModifiableValueSkill, Assembly-CSharp","BaseStat":{"$ref":"100"},"ClassSkill":{"$id":"104","m_Count":2},"Type":"SkillMobility","m_DependentFacts":null,"m_BaseValue":0,"m_Dependents":null,"PermanentValue":3,"PersistentModifierList":null},{"$id":"105","$type":"Kingmaker.EntitySystem.Stats.ModifiableValueSkill, Assembly-CSharp","BaseStat":{"$ref":"100"},"ClassSkill":{"$id":"106","m_Count":0},"Type":"SkillThievery","m_DependentFacts":null,"m_BaseValue":0,"m_Dependents":null,"PermanentValue":3,"PersistentModifierList":null},{"$id":"107","$type":"Kingmaker.EntitySystem.Stats.ModifiableValueSkill, Assembly-CSharp","BaseStat":{"$ref":"100"},"ClassSkill":{"$id":"108","m_Count":2},"Type":"SkillStealth","m_DependentFacts":null,"m_BaseValue":3,"m_Dependents":null,"PermanentValue":9,"PersistentModifierList":[{"$id":"109","ModDescriptor":"Size","StackMode":"Default","ModValue":0,"Source":null,"SourceComponent":null,"ItemSource":null}]},{"$id":"110","$type":"Kingmaker.EntitySystem.Stats.ModifiableValueInitiative, Assembly-CSharp","m_Dexterity":{"$ref":"100"},"m_DexBonus":{"$id":"111","ModDescriptor":"DexterityBonus","StackMode":"Default","ModValue":3,"Source":null,"SourceComponent":null,"ItemSource":null},"Type":"Initiative","m_DependentFacts":null,"m_BaseValue":0,"m_Dependents":null,"PermanentValue":0,"PersistentModifierList":[{"$ref":"111"}]}],"PermanentValue":16,"PersistentModifierList":[]},"Intelligence":{"$id":"112","m_Disabled":{"$id":"113","m_Count":0},"Type":"Intelligence","m_DependentFacts":null,"m_BaseValue":12,"m_Dependents":[{"$id":"114","$type":"Kingmaker.EntitySystem.Stats.ModifiableValueSkill, Assembly-CSharp","BaseStat":{"$ref":"112"},"ClassSkill":{"$id":"115","m_Count":2},"Type":"SkillKnowledgeArcana","m_DependentFacts":null,"m_BaseValue":0,"m_Dependents":null,"PermanentValue":1,"PersistentModifierList":null},{"$id":"116","$type":"Kingmaker.EntitySystem.Stats.ModifiableValueSkill, Assembly-CSharp","BaseStat":{"$ref":"112"},"ClassSkill":{"$id":"117","m_Count":1},"Type":"SkillKnowledgeWorld","m_DependentFacts":null,"m_BaseValue":0,"m_Dependents":null,"PermanentValue":1,"PersistentModifierList":null}],"PermanentValue":12,"PersistentModifierList":[]},"Owner":{"$ref":"61"},"SaveFortitude":{"$ref":"99"},"SaveReflex":{"$ref":"102"},"SaveWill":{"$id":"118","BaseStat":{"$id":"119","m_Disabled":{"$id":"120","m_Count":0},"Type":"Wisdom","m_DependentFacts":null,"m_BaseValue":15,"m_Dependents":[{"$ref":"118"},{"$id":"121","$type":"Kingmaker.EntitySystem.Stats.ModifiableValueSkill, Assembly-CSharp","BaseStat":{"$ref":"119"},"ClassSkill":{"$id":"122","m_Count":2},"Type":"SkillPerception","m_DependentFacts":null,"m_BaseValue":3,"m_Dependents":null,"PermanentValue":8,"PersistentModifierList":[]},{"$id":"123","$type":"Kingmaker.EntitySystem.Stats.ModifiableValueSkill, Assembly-CSharp","BaseStat":{"$ref":"119"},"ClassSkill":{"$id":"124","m_Count":1},"Type":"SkillLoreNature","m_DependentFacts":null,"m_BaseValue":0,"m_Dependents":null,"PermanentValue":2,"PersistentModifierList":null},{"$id":"125","$type":"Kingmaker.EntitySystem.Stats.ModifiableValueSkill, Assembly-CSharp","BaseStat":{"$ref":"119"},"ClassSkill":{"$id":"126","m_Count":2},"Type":"SkillLoreReligion","m_DependentFacts":null,"m_BaseValue":0,"m_Dependents":null,"PermanentValue":2,"PersistentModifierList":null}],"PermanentValue":15,"PersistentModifierList":[]},"Type":"SaveWill","m_DependentFacts":null,"m_BaseValue":3,"m_Dependents":null,"PermanentValue":5,"PersistentModifierList":null},"SkillMobility":{"$ref":"103"},"SkillAthletics":{"$id":"127","BaseStat":{"$id":"128","m_Disabled":{"$id":"129","m_Count":0},"Type":"Strength","m_DependentFacts":null,"m_BaseValue":17,"m_Dependents":[{"$ref":"127"}],"PermanentValue":17,"PersistentModifierList":[]},"ClassSkill":{"$id":"130","m_Count":3},"Type":"SkillAthletics","m_DependentFacts":null,"m_BaseValue":0,"m_Dependents":null,"PermanentValue":3,"PersistentModifierList":null},"SkillKnowledgeArcana":{"$ref":"114"},"SkillLoreNature":{"$ref":"123"},"SkillPerception":{"$ref":"121"},"SkillThievery":{"$ref":"105"},"Strength":{"$ref":"128"},"Wisdom":{"$ref":"119"},"Initiative":{"$ref":"110"},"SkillPersuasion":{"$ref":"88"},"SkillStealth":{"$ref":"107"},"SkillUseMagicDevice":{"$ref":"93"},"SkillLoreReligion":{"$ref":"125"},"SkillKnowledgeWorld":{"$ref":"116"},"CheckBluff":{"$ref":"90"},"CheckDiplomacy":{"$ref":"91"},"CheckIntimidate":{"$ref":"92"},"SneakAttack":{"$id":"131","Type":"SneakAttack","m_BaseValue":0,"m_Dependents":null,"m_DependentFacts":null,"PermanentValue":0,"PersistentModifierList":null},"DamageNonLethal":{"$id":"132","Type":"DamageNonLethal","m_BaseValue":0,"m_Dependents":null,"m_DependentFacts":null,"PermanentValue":0,"PersistentModifierList":null},"Reach":{"$id":"133","Type":"Reach","m_BaseValue":0,"m_Dependents":null,"m_DependentFacts":null,"PermanentValue":0,"PersistentModifierList":[{"$id":"134","ModDescriptor":"Size","StackMode":"Default","ModValue":5,"Source":null,"SourceComponent":null,"ItemSource":null}]}},"Body":{"$id":"135","m_EmptyHandWeaponsStack":null,"m_EmptyHandWeapon":{"$id":"136","Second":null,"m_Blueprint":"20375b5a0c9243d45966bd72c690ab74","m_Count":1,"m_InventorySlotIndex":-1,"m_Enchantments":null,"m_FactsAppliedToWielder":[],"m_SkinningSuccessful":false,"m_IdentifyRolls":[],"ForceSecondary":false,"IsSecondPartOfDoubleWeapon":false,"IsShield":false,"Collection":null,"Wielder":{"$ref":"61"},"HoldingSlot":null,"Time":"00:00:00","Ability":null,"ActivatableAbility":null,"Charges":0,"IsIdentified":true,"SellTime":null,"IsNonRemovable":false},"m_CurrentHandsEquipmentSetIndex":0,"m_HandsEquipmentSets":[{"$id":"137","PrimaryHand":{"$ref":"69"},"SecondaryHand":{"$id":"138","Owner":{"$ref":"61"},"Lock":{"$id":"139","m_Count":0},"m_Item":null,"m_DeactivateFlag":{"$id":"140","m_Count":0},"m_Active":true}},{"$id":"141","PrimaryHand":{"$id":"142","Owner":{"$ref":"61"},"Lock":{"$id":"143","m_Count":0},"m_Item":null,"m_DeactivateFlag":{"$id":"144","m_Count":0},"m_Active":false},"SecondaryHand":{"$id":"145","Owner":{"$ref":"61"},"Lock":{"$id":"146","m_Count":0},"m_Item":null,"m_DeactivateFlag":{"$id":"147","m_Count":0},"m_Active":false}},{"$id":"148","PrimaryHand":{"$id":"149","Owner":{"$ref":"61"},"Lock":{"$id":"150","m_Count":0},"m_Item":null,"m_DeactivateFlag":{"$id":"151","m_Count":0},"m_Active":false},"SecondaryHand":{"$id":"152","Owner":{"$ref":"61"},"Lock":{"$id":"153","m_Count":0},"m_Item":null,"m_DeactivateFlag":{"$id":"154","m_Count":0},"m_Active":false}},{"$id":"155","PrimaryHand":{"$id":"156","Owner":{"$ref":"61"},"Lock":{"$id":"157","m_Count":0},"m_Item":null,"m_DeactivateFlag":{"$id":"158","m_Count":0},"m_Active":false},"SecondaryHand":{"$id":"159","Owner":{"$ref":"61"},"Lock":{"$id":"160","m_Count":0},"m_Item":null,"m_DeactivateFlag":{"$id":"161","m_Count":0},"m_Active":false}}],"m_AdditionalLimbs":[],"m_PolymoprphHandsEquipmentSet":null,"m_PolymorphAdditionalLimbs":null,"m_QuickSlots":[{"$id":"162","Owner":{"$ref":"61"},"Lock":{"$id":"163","m_Count":0},"m_Item":null,"m_DeactivateFlag":{"$id":"164","m_Count":0},"m_Active":true},{"$id":"165","Owner":{"$ref":"61"},"Lock":{"$id":"166","m_Count":0},"m_Item":null,"m_DeactivateFlag":{"$id":"167","m_Count":0},"m_Active":true},{"$id":"168","Owner":{"$ref":"61"},"Lock":{"$id":"169","m_Count":0},"m_Item":null,"m_DeactivateFlag":{"$id":"170","m_Count":0},"m_Active":true},{"$id":"171","Owner":{"$ref":"61"},"Lock":{"$id":"172","m_Count":0},"m_Item":null,"m_DeactivateFlag":{"$id":"173","m_Count":0},"m_Active":true},{"$id":"174","Owner":{"$ref":"61"},"Lock":{"$id":"175","m_Count":0},"m_Item":null,"m_DeactivateFlag":{"$id":"176","m_Count":0},"m_Active":true}],"Armor":{"$id":"177","Owner":{"$ref":"61"},"Lock":{"$id":"178","m_Count":0},"m_Item":null,"m_DeactivateFlag":{"$id":"179","m_Count":0},"m_Active":true},"Belt":{"$id":"180","Owner":{"$ref":"61"},"Lock":{"$id":"181","m_Count":0},"m_Item":null,"m_DeactivateFlag":{"$id":"182","m_Count":0},"m_Active":true},"Head":{"$id":"183","Owner":{"$ref":"61"},"Lock":{"$id":"184","m_Count":0},"m_Item":null,"m_DeactivateFlag":{"$id":"185","m_Count":0},"m_Active":true},"Feet":{"$id":"186","Owner":{"$ref":"61"},"Lock":{"$id":"187","m_Count":0},"m_Item":null,"m_DeactivateFlag":{"$id":"188","m_Count":0},"m_Active":true},"Gloves":{"$id":"189","Owner":{"$ref":"61"},"Lock":{"$id":"190","m_Count":0},"m_Item":null,"m_DeactivateFlag":{"$id":"191","m_Count":0},"m_Active":true},"Neck":{"$id":"192","Owner":{"$ref":"61"},"Lock":{"$id":"193","m_Count":0},"m_Item":null,"m_DeactivateFlag":{"$id":"194","m_Count":0},"m_Active":true},"Ring1":{"$id":"195","Owner":{"$ref":"61"},"Lock":{"$id":"196","m_Count":0},"m_Item":null,"m_DeactivateFlag":{"$id":"197","m_Count":0},"m_Active":true},"Ring2":{"$id":"198","Owner":{"$ref":"61"},"Lock":{"$id":"199","m_Count":0},"m_Item":null,"m_DeactivateFlag":{"$id":"200","m_Count":0},"m_Active":true},"Wrist":{"$id":"201","Owner":{"$ref":"61"},"Lock":{"$id":"202","m_Count":0},"m_Item":null,"m_DeactivateFlag":{"$id":"203","m_Count":0},"m_Active":true},"Shoulders":{"$id":"204","Owner":{"$ref":"61"},"Lock":{"$id":"205","m_Count":0},"m_Item":null,"m_DeactivateFlag":{"$id":"206","m_Count":0},"m_Active":true},"HandsAreEnabled":true,"Owner":{"$ref":"61"},"IsPolymorphed":false},"Logic":{"$id":"207","m_Facts":[],"Owner":{"$ref":"61"},"ActiveByDefault":true},"Abilities":{"$id":"208","m_Facts":[{"$id":"209","$type":"Kingmaker.UnitLogic.Abilities.Ability, Assembly-CSharp","m_Hidden":false,"Data":{"$id":"210","Blueprint":"c78506dd0e14f7c45a599990e4e65038","Caster":{"$ref":"61"},"m_ConvertedFrom":null,"DecorationColorNumber":-1,"DecorationBorderNumber":-1,"m_SpellbookBlueprint":null,"IsSpellCopy":false,"Fact":{"$ref":"209"},"MetamagicData":null},"Blueprint":"c78506dd0e14f7c45a599990e4e65038","m_ComponentsData":[],"StickyTouch":null,"Owner":{"$ref":"61"},"Initialized":true,"Active":true,"SourceItem":null,"SourceCutscene":{"$id":"211","EntityId":"c36e181e-9f08-4d68-865a-560112d551a5","Name":"NettleStartDialog","State":"NettlesCrossing_Mechanics"}},{"$id":"212","$type":"Kingmaker.UnitLogic.Abilities.Ability, Assembly-CSharp","m_Hidden":false,"Data":{"$id":"213","Blueprint":"4843cb4c23951f54290c5149a4907f54","Caster":{"$ref":"61"},"m_ConvertedFrom":null,"DecorationColorNumber":-1,"DecorationBorderNumber":-1,"m_SpellbookBlueprint":null,"IsSpellCopy":false,"Fact":{"$ref":"212"},"MetamagicData":null},"Blueprint":"4843cb4c23951f54290c5149a4907f54","m_ComponentsData":[],"StickyTouch":null,"Owner":{"$ref":"61"},"Initialized":true,"Active":true,"SourceItem":null,"SourceCutscene":{"$id":"214","EntityId":"c36e181e-9f08-4d68-865a-560112d551a5","Name":"NettleStartDialog","State":"NettlesCrossing_Mechanics"}}],"Owner":{"$ref":"61"},"ActiveByDefault":true},"ActivatableAbilities":{"$id":"215","m_Facts":[{"$id":"216","$type":"Kingmaker.UnitLogic.ActivatableAbilities.ActivatableAbility, Assembly-CSharp","m_IsOn":false,"m_AppliedBuff":null,"m_Target":null,"m_TurnOnTime":"00:00:00","m_WasInCombat":false,"Blueprint":"09d742e8b50b0214fb71acfc99cc00b3","m_ComponentsData":[],"TimeToNextRound":0.0,"IsRunning":false,"ReadyToStart":false,"Owner":{"$ref":"61"},"Initialized":true,"Active":true,"SourceItem":null,"SourceCutscene":{"$id":"217","EntityId":"c36e181e-9f08-4d68-865a-560112d551a5","Name":"NettleStartDialog","State":"NettlesCrossing_Mechanics"}},{"$id":"218","$type":"Kingmaker.UnitLogic.ActivatableAbilities.ActivatableAbility, Assembly-CSharp","m_IsOn":false,"m_AppliedBuff":null,"m_Target":null,"m_TurnOnTime":"00:00:00","m_WasInCombat":false,"Blueprint":"4be5757b85af47545a5789f1d03abda9","m_ComponentsData":[],"TimeToNextRound":0.0,"IsRunning":false,"ReadyToStart":false,"Owner":{"$ref":"61"},"Initialized":true,"Active":true,"SourceItem":null,"SourceCutscene":{"$id":"219","EntityId":"c36e181e-9f08-4d68-865a-560112d551a5","Name":"NettleStartDialog","State":"NettlesCrossing_Mechanics"}},{"$id":"220","$type":"Kingmaker.UnitLogic.ActivatableAbilities.ActivatableAbility, Assembly-CSharp","m_IsOn":true,"m_AppliedBuff":{"$id":"221","m_EndTime":null,"m_StoredMods":null,"m_StoredFacts":null,"m_Context":{"$id":"222","m_OwnerDescriptor":{"$ref":"61"},"m_CasterReference":{"m_UniqueId":"39028b16-177e-4717-9439-92ba2c5bfbf3"},"m_Ranks":[0,0,0,0,0,0,0],"m_SharedValues":[0,0,0,0,0,0],"m_Params":null,"AssociatedBlueprint":"5898bcf75a0942449a5dc16adc97b279","ParentContext":{"$id":"223","m_OwnerDescriptor":{"$ref":"61"},"m_CasterReference":{"m_UniqueId":"39028b16-177e-4717-9439-92ba2c5bfbf3"},"m_Ranks":[0,0,0,0,0,0,0],"m_SharedValues":[0,0,0,0,0,0],"m_Params":null,"AssociatedBlueprint":"a7b339e4f6ff93a4697df5d7a87ff619","ParentContext":null,"m_MainTarget":null,"Params":{"SpellSource":"Unknown","CasterLevel":1,"SpellLevel":1,"DC":11},"SpellDescriptor":"None","SpellSchool":"None","SpellLevel":0,"Direction":{"$type":"UnityEngine.Vector3, UnityEngine.CoreModule, Version=0.0.0.0, Culture=neutral, PublicKeyToken=null","x":0.0,"y":0.0,"z":0.0}},"m_MainTarget":null,"Params":{"SpellSource":"Unknown","CasterLevel":1,"SpellLevel":1,"DC":11},"SpellDescriptor":"None","SpellSchool":"None","SpellLevel":0,"Direction":{"$type":"UnityEngine.Vector3, UnityEngine.CoreModule, Version=0.0.0.0, Culture=neutral, PublicKeyToken=null","x":0.0,"y":0.0,"z":0.0}},"Blueprint":"5898bcf75a0942449a5dc16adc97b279","m_ComponentsData":[{"$id":"224","ComponentName":"$WeaponParametersAttackBonus$b10855a3-710e-4773-816c-746bc5634b1a"},{"$id":"225","ComponentName":"$WeaponParametersDamageBonus$fcd5f8a9-26a4-4cf8-9616-855978eda874"}],"TickTime":"10675199.02:48:05.4775807","NextTickTime":"10675199.02:48:05.4775807","RoundNumber":0,"IsSuppressed":false,"IsNotDispelable":false,"IsFromSpell":false,"SourceAreaEffectId":null,"Owner":{"$ref":"61"},"Initialized":true,"Active":true,"SourceItem":null,"SourceCutscene":{"$id":"226","EntityId":"c36e181e-9f08-4d68-865a-560112d551a5","Name":"NettleStartDialog","State":"NettlesCrossing_Mechanics"}},"m_Target":null,"m_TurnOnTime":"01:30:12.0110000","m_WasInCombat":false,"Blueprint":"a7b339e4f6ff93a4697df5d7a87ff619","m_ComponentsData":[],"TimeToNextRound":0.621179,"IsRunning":true,"ReadyToStart":false,"Owner":{"$ref":"61"},"Initialized":true,"Active":true,"SourceItem":null,"SourceCutscene":{"$id":"227","EntityId":"c36e181e-9f08-4d68-865a-560112d551a5","Name":"NettleStartDialog","State":"NettlesCrossing_Mechanics"}}],"Owner":{"$ref":"61"},"ActiveByDefault":true},"AttackFactions":{"$id":"228","m_Owner":{"$ref":"61"},"m_Factions":[]},"Recreate":false,"Buffs":{"$id":"229","m_IsOwnerAlive":true,"m_Facts":[{"$ref":"221"},{"$id":"230","$type":"Kingmaker.UnitLogic.Buffs.Buff, Assembly-CSharp","m_EndTime":null,"m_StoredMods":null,"m_StoredFacts":null,"m_Context":{"$id":"231","m_OwnerDescriptor":{"$ref":"61"},"m_CasterReference":{"m_UniqueId":"39028b16-177e-4717-9439-92ba2c5bfbf3"},"m_Ranks":[0,0,0,0,0,0,0],"m_SharedValues":[0,0,0,0,0,0],"m_Params":null,"AssociatedBlueprint":"281a1f606d92728409ee5cbf5599855d","ParentContext":null,"m_MainTarget":null,"Params":{"SpellSource":"Unknown","CasterLevel":1,"SpellLevel":1,"DC":11},"SpellDescriptor":"None","SpellSchool":"None","SpellLevel":0,"Direction":{"$type":"UnityEngine.Vector3, UnityEngine.CoreModule, Version=0.0.0.0, Culture=neutral, PublicKeyToken=null","x":0.0,"y":0.0,"z":0.0}},"Blueprint":"281a1f606d92728409ee5cbf5599855d","m_ComponentsData":[{"$id":"232","ComponentName":"$AddImmortality$439794f3-5cb6-4d34-9dba-c02381a01486"},{"$id":"233","ComponentName":"$AddImmunityToAbilityScoreDamage$4b069edb-45a6-49fb-a9b0-1583f8a63d30"},{"$id":"234","ComponentName":"$AddImmunityToEnergyDrain$0f53bc2f-b338-4072-97bd-5f2ce07c095b"},{"$id":"235","ComponentName":"$BuffDescriptorImmunity$613d5ab5-79e3-4997-9565-98d1a353430f"},{"$id":"236","ComponentName":"$AddConditionImmunity$9c6fae52-36cf-43f1-899a-7478f4fbb5da"},{"$id":"237","ComponentName":"$SpellImmunityToSpellDescriptor$fabf287d-b209-4010-9fce-f3bebc81631c"}],"TickTime":"10675199.02:48:05.4775807","NextTickTime":"10675199.02:48:05.4775807","RoundNumber":0,"IsSuppressed":false,"IsNotDispelable":false,"IsFromSpell":false,"SourceAreaEffectId":null,"Owner":{"$ref":"61"},"Initialized":true,"Active":true,"SourceItem":null,"SourceCutscene":{"$id":"238","EntityId":"c36e181e-9f08-4d68-865a-560112d551a5","Name":"NettleStartDialog","State":"NettlesCrossing_Mechanics"}},{"$id":"239","$type":"Kingmaker.UnitLogic.Buffs.Buff, Assembly-CSharp","m_EndTime":null,"m_StoredMods":null,"m_StoredFacts":null,"m_Context":{"$id":"240","m_OwnerDescriptor":{"$ref":"61"},"m_CasterReference":{"m_UniqueId":"39028b16-177e-4717-9439-92ba2c5bfbf3"},"m_Ranks":[0,0,0,0,0,0,0],"m_SharedValues":[0,0,0,0,0,0],"m_Params":null,"AssociatedBlueprint":"d38770585922e5e4e94ba2c0dc776095","ParentContext":null,"m_MainTarget":null,"Params":{"SpellSource":"Unknown","CasterLevel":1,"SpellLevel":1,"DC":11},"SpellDescriptor":"None","SpellSchool":"None","SpellLevel":0,"Direction":{"$type":"UnityEngine.Vector3, UnityEngine.CoreModule, Version=0.0.0.0, Culture=neutral, PublicKeyToken=null","x":0.0,"y":0.0,"z":0.0}},"Blueprint":"d38770585922e5e4e94ba2c0dc776095","m_ComponentsData":[{"$id":"241","ComponentName":"$LifeGuard$207a4789-34e9-4a47-af9d-416c4ca02e26"},{"$id":"242","ComponentName":"$AddImmunityToAbilityScoreDamage$12f138a0-d3a5-4936-8654-55f3e1f44876"},{"$id":"243","ComponentName":"$AddImmunityToEnergyDrain$7bebdfba-dd67-47b9-8e12-a8a81a16c34f"},{"$id":"244","ComponentName":"$BuffDescriptorImmunity$3901e99a-141d-4c72-8781-0417f42bbfbf"},{"$id":"245","ComponentName":"$AddConditionImmunity$84879adc-e303-4c8b-972e-36214b292031"},{"$id":"246","ComponentName":"$SpellImmunityToSpellDescriptor$0a0c1021-52a9-40ff-bbd3-5b42129fc407"}],"TickTime":"10675199.02:48:05.4775807","NextTickTime":"10675199.02:48:05.4775807","RoundNumber":0,"IsSuppressed":false,"IsNotDispelable":false,"IsFromSpell":false,"SourceAreaEffectId":null,"Owner":{"$ref":"61"},"Initialized":true,"Active":true,"SourceItem":null,"SourceCutscene":{"$id":"247","EntityId":"c36e181e-9f08-4d68-865a-560112d551a5","Name":"NettleStartDialog","State":"NettlesCrossing_Mechanics"}}],"Owner":{"$ref":"61"},"ActiveByDefault":true},"Resources":{"$id":"248","m_Owner":{"$ref":"61"},"PersistantResources":[]},"Progression":{"$id":"249","m_Race":null,"Classes":[{"$id":"250","CharacterClass":"19a2d9e58d916d04db4cd7ad2c7a3ee2","Spellbook":null,"Archetypes":[],"Level":2,"PriorityEquipment":false},{"$id":"251","CharacterClass":"48ac8db94d5de7645906c7d0ad3bcfbd","Spellbook":null,"Archetypes":[],"Level":1,"PriorityEquipment":false}],"m_Progressions":[{"Key":"5b72dd2ca2cb73b49903806ee8986325","Value":{"$id":"252","Blueprint":"5b72dd2ca2cb73b49903806ee8986325","Archetypes":[],"Level":3}},{"Key":"c7784cdabf146e74cba9af50742ad091","Value":{"$id":"253","Blueprint":"c7784cdabf146e74cba9af50742ad091","Archetypes":[],"Level":2}},{"Key":"b50e94b57be32f74892f381ae2a8905a","Value":{"$id":"254","Blueprint":"b50e94b57be32f74892f381ae2a8905a","Archetypes":[],"Level":1}}],"Features":{"$id":"255","m_Facts":[{"$id":"256","$type":"Kingmaker.UnitLogic.Feature, Assembly-CSharp","m_Context":{"$id":"257","m_OwnerDescriptor":{"$ref":"61"},"m_CasterReference":{"m_UniqueId":null},"m_Ranks":[0,0,0,0,0,0,0],"m_SharedValues":[0,0,0,0,0,0],"m_Params":null,"AssociatedBlueprint":"5b72dd2ca2cb73b49903806ee8986325","ParentContext":null,"m_MainTarget":null,"Params":{"SpellSource":"Unknown","CasterLevel":1,"SpellLevel":1,"DC":11},"SpellDescriptor":"None","SpellSchool":"None","SpellLevel":0,"Direction":{"$type":"UnityEngine.Vector3, UnityEngine.CoreModule, Version=0.0.0.0, Culture=neutral, PublicKeyToken=null","x":0.0,"y":0.0,"z":0.0}},"Blueprint":"5b72dd2ca2cb73b49903806ee8986325","m_ComponentsData":[],"Rank":1,"Source":null,"Param":null,"IgnorePrerequisites":true,"Owner":{"$ref":"61"},"Initialized":true,"Active":true,"SourceItem":null,"SourceCutscene":{"$id":"258","EntityId":"c36e181e-9f08-4d68-865a-560112d551a5","Name":"NettleStartDialog","State":"NettlesCrossing_Mechanics"}},{"$id":"259","$type":"Kingmaker.UnitLogic.Feature, Assembly-CSharp","m_Context":{"$id":"260","m_OwnerDescriptor":{"$ref":"61"},"m_CasterReference":{"m_UniqueId":"39028b16-177e-4717-9439-92ba2c5bfbf3"},"m_Ranks":[0,0,0,0,0,0,0],"m_SharedValues":[0,0,0,0,0,0],"m_Params":null,"AssociatedBlueprint":"10967aafcc7ff304d83833146d0f4308","ParentContext":null,"m_MainTarget":null,"Params":{"SpellSource":"Unknown","CasterLevel":1,"SpellLevel":1,"DC":11},"SpellDescriptor":"None","SpellSchool":"None","SpellLevel":0,"Direction":{"$type":"UnityEngine.Vector3, UnityEngine.CoreModule, Version=0.0.0.0, Culture=neutral, PublicKeyToken=null","x":0.0,"y":0.0,"z":0.0}},"Blueprint":"10967aafcc7ff304d83833146d0f4308","m_ComponentsData":[{"$id":"261","ComponentName":"$AddFacts$019d82e9-73aa-41e7-b6b3-cde7d30498a9","m_AppliedFacts":{"$type":"System.Collections.Generic.List`1[[Kingmaker.Blueprints.Facts.Fact, Assembly-CSharp]], mscorlib","$values":[{"$id":"262","$type":"Kingmaker.UnitLogic.Feature, Assembly-CSharp","m_Context":{"$id":"263","m_OwnerDescriptor":{"$ref":"61"},"m_CasterReference":{"m_UniqueId":"39028b16-177e-4717-9439-92ba2c5bfbf3"},"m_Ranks":[0,0,0,0,0,0,0],"m_SharedValues":[0,0,0,0,0,0],"m_Params":null,"AssociatedBlueprint":"d09b20029e9abfe4480b356c92095623","ParentContext":null,"m_MainTarget":null,"Params":{"SpellSource":"Unknown","CasterLevel":1,"SpellLevel":1,"DC":11},"SpellDescriptor":"None","SpellSchool":"None","SpellLevel":0,"Direction":{"$type":"UnityEngine.Vector3, UnityEngine.CoreModule, Version=0.0.0.0, Culture=neutral, PublicKeyToken=null","x":0.0,"y":0.0,"z":0.0}},"Blueprint":"d09b20029e9abfe4480b356c92095623","m_ComponentsData":[{"$id":"264","ComponentName":"$ToughnessLogic$6e567a82-2d58-4ea8-bb1d-f10477e8a2a2"}],"Rank":1,"Source":null,"Param":null,"IgnorePrerequisites":true,"Owner":{"$ref":"61"},"Initialized":true,"Active":true,"SourceItem":null,"SourceCutscene":{"$id":"265","EntityId":"c36e181e-9f08-4d68-865a-560112d551a5","Name":"NettleStartDialog","State":"NettlesCrossing_Mechanics"}},{"$id":"266","$type":"Kingmaker.UnitLogic.Feature, Assembly-CSharp","m_Context":{"$id":"267","m_OwnerDescriptor":{"$ref":"61"},"m_CasterReference":{"m_UniqueId":"39028b16-177e-4717-9439-92ba2c5bfbf3"},"m_Ranks":[0,0,0,0,0,0,0],"m_SharedValues":[0,0,0,0,0,0],"m_Params":null,"AssociatedBlueprint":"797f25d709f559546b29e7bcb181cc74","ParentContext":null,"m_MainTarget":null,"Params":{"SpellSource":"Unknown","CasterLevel":1,"SpellLevel":1,"DC":11},"SpellDescriptor":"None","SpellSchool":"None","SpellLevel":0,"Direction":{"$type":"UnityEngine.Vector3, UnityEngine.CoreModule, Version=0.0.0.0, Culture=neutral, PublicKeyToken=null","x":0.0,"y":0.0,"z":0.0}},"Blueprint":"797f25d709f559546b29e7bcb181cc74","m_ComponentsData":[{"$id":"268","ComponentName":"$AddStatBonus$1f0a6a3a-b1fe-409c-89c3-f978eb6ff636"}],"Rank":1,"Source":null,"Param":null,"IgnorePrerequisites":true,"Owner":{"$ref":"61"},"Initialized":true,"Active":true,"SourceItem":null,"SourceCutscene":{"$id":"269","EntityId":"c36e181e-9f08-4d68-865a-560112d551a5","Name":"NettleStartDialog","State":"NettlesCrossing_Mechanics"}},{"$id":"270","$type":"Kingmaker.UnitLogic.Feature, Assembly-CSharp","m_Context":{"$id":"271","m_OwnerDescriptor":{"$ref":"61"},"m_CasterReference":{"m_UniqueId":"39028b16-177e-4717-9439-92ba2c5bfbf3"},"m_Ranks":[0,0,0,0,0,0,0],"m_SharedValues":[0,0,0,0,0,0],"m_Params":null,"AssociatedBlueprint":"3a537f6633730114a8d4e11b6ab11328","ParentContext":null,"m_MainTarget":null,"Params":{"SpellSource":"Unknown","CasterLevel":1,"SpellLevel":1,"DC":11},"SpellDescriptor":"None","SpellSchool":"None","SpellLevel":0,"Direction":{"$type":"UnityEngine.Vector3, UnityEngine.CoreModule, Version=0.0.0.0, Culture=neutral, PublicKeyToken=null","x":0.0,"y":0.0,"z":0.0}},"Blueprint":"3a537f6633730114a8d4e11b6ab11328","m_ComponentsData":[{"$id":"272","ComponentName":"$AddDamageResistance$3d9ff52d-6460-40e9-bd1f-e0a3bb9806b0","m_RemainPool":12}],"Rank":1,"Source":null,"Param":null,"IgnorePrerequisites":true,"Owner":{"$ref":"61"},"Initialized":true,"Active":true,"SourceItem":null,"SourceCutscene":{"$id":"273","EntityId":"c36e181e-9f08-4d68-865a-560112d551a5","Name":"NettleStartDialog","State":"NettlesCrossing_Mechanics"}}]}},{"$id":"274","ComponentName":"$AddClassLevels$a6c33909-c10c-407c-a706-9d6474d449b1","m_Applied":true},{"$id":"275","ComponentName":"$AddClassLevels$0b94cca1-dcb2-4824-971f-5f72c14680db","m_Applied":true}],"Rank":1,"Source":null,"Param":null,"IgnorePrerequisites":true,"Owner":{"$ref":"61"},"Initialized":true,"Active":true,"SourceItem":null,"SourceCutscene":{"$id":"276","EntityId":"c36e181e-9f08-4d68-865a-560112d551a5","Name":"NettleStartDialog","State":"NettlesCrossing_Mechanics"}},{"$ref":"262"},{"$ref":"266"},{"$ref":"270"},{"$id":"277","$type":"Kingmaker.UnitLogic.Feature, Assembly-CSharp","m_Context":{"$id":"278","m_OwnerDescriptor":{"$ref":"61"},"m_CasterReference":{"m_UniqueId":"39028b16-177e-4717-9439-92ba2c5bfbf3"},"m_Ranks":[0,0,0,0,0,0,0],"m_SharedValues":[0,0,0,0,0,0],"m_Params":null,"AssociatedBlueprint":"c7784cdabf146e74cba9af50742ad091","ParentContext":null,"m_MainTarget":null,"Params":{"SpellSource":"Unknown","CasterLevel":1,"SpellLevel":1,"DC":11},"SpellDescriptor":"None","SpellSchool":"None","SpellLevel":0,"Direction":{"$type":"UnityEngine.Vector3, UnityEngine.CoreModule, Version=0.0.0.0, Culture=neutral, PublicKeyToken=null","x":0.0,"y":0.0,"z":0.0}},"Blueprint":"c7784cdabf146e74cba9af50742ad091","m_ComponentsData":[],"Rank":1,"Source":"19a2d9e58d916d04db4cd7ad2c7a3ee2","Param":null,"IgnorePrerequisites":true,"Owner":{"$ref":"61"},"Initialized":true,"Active":true,"SourceItem":null,"SourceCutscene":{"$id":"279","EntityId":"c36e181e-9f08-4d68-865a-560112d551a5","Name":"NettleStartDialog","State":"NettlesCrossing_Mechanics"}},{"$id":"280","$type":"Kingmaker.UnitLogic.Feature, Assembly-CSharp","m_Context":{"$id":"281","m_OwnerDescriptor":{"$ref":"61"},"m_CasterReference":{"m_UniqueId":"39028b16-177e-4717-9439-92ba2c5bfbf3"},"m_Ranks":[0,0,0,0,0,0,0],"m_SharedValues":[0,0,0,0,0,0],"m_Params":null,"AssociatedBlueprint":"247a4068296e8be42890143f451b4b45","ParentContext":null,"m_MainTarget":null,"Params":{"SpellSource":"Unknown","CasterLevel":1,"SpellLevel":1,"DC":11},"SpellDescriptor":"None","SpellSchool":"None","SpellLevel":0,"Direction":{"$type":"UnityEngine.Vector3, UnityEngine.CoreModule, Version=0.0.0.0, Culture=neutral, PublicKeyToken=null","x":0.0,"y":0.0,"z":0.0}},"Blueprint":"247a4068296e8be42890143f451b4b45","m_ComponentsData":[],"Rank":1,"Source":"5b72dd2ca2cb73b49903806ee8986325","Param":null,"IgnorePrerequisites":true,"Owner":{"$ref":"61"},"Initialized":true,"Active":true,"SourceItem":null,"SourceCutscene":{"$id":"282","EntityId":"c36e181e-9f08-4d68-865a-560112d551a5","Name":"NettleStartDialog","State":"NettlesCrossing_Mechanics"}},{"$id":"283","$type":"Kingmaker.UnitLogic.Feature, Assembly-CSharp","m_Context":{"$id":"284","m_OwnerDescriptor":{"$ref":"61"},"m_CasterReference":{"m_UniqueId":"39028b16-177e-4717-9439-92ba2c5bfbf3"},"m_Ranks":[0,0,0,0,0,0,0],"m_SharedValues":[0,0,0,0,0,0],"m_Params":null,"AssociatedBlueprint":"ca22afeb94442b64fb8536e7a9f7dc11","ParentContext":null,"m_MainTarget":null,"Params":{"SpellSource":"Unknown","CasterLevel":1,"SpellLevel":1,"DC":11},"SpellDescriptor":"None","SpellSchool":"None","SpellLevel":0,"Direction":{"$type":"UnityEngine.Vector3, UnityEngine.CoreModule, Version=0.0.0.0, Culture=neutral, PublicKeyToken=null","x":0.0,"y":0.0,"z":0.0}},"Blueprint":"ca22afeb94442b64fb8536e7a9f7dc11","m_ComponentsData":[{"$id":"285","ComponentName":"$AddFacts$1d537ae8-86db-4df4-b28f-789a7c7b031c","m_AppliedFacts":{"$type":"System.Collections.Generic.List`1[[Kingmaker.Blueprints.Facts.Fact, Assembly-CSharp]], mscorlib","$values":[{"$ref":"216"}]}},{"$id":"286","ComponentName":"$DeathActions$d3439b71-0139-4956-bff9-fcf717165a25"}],"Rank":1,"Source":"5b72dd2ca2cb73b49903806ee8986325","Param":null,"IgnorePrerequisites":true,"Owner":{"$ref":"61"},"Initialized":true,"Active":true,"SourceItem":null,"SourceCutscene":{"$id":"287","EntityId":"c36e181e-9f08-4d68-865a-560112d551a5","Name":"NettleStartDialog","State":"NettlesCrossing_Mechanics"}},{"$id":"288","$type":"Kingmaker.UnitLogic.Feature, Assembly-CSharp","m_Context":{"$id":"289","m_OwnerDescriptor":{"$ref":"61"},"m_CasterReference":{"m_UniqueId":"39028b16-177e-4717-9439-92ba2c5bfbf3"},"m_Ranks":[0,0,0,0,0,0,0],"m_SharedValues":[0,0,0,0,0,0],"m_Params":null,"AssociatedBlueprint":"6948b379c0562714d9f6d58ccbfa8faa","ParentContext":null,"m_MainTarget":null,"Params":{"SpellSource":"Unknown","CasterLevel":1,"SpellLevel":1,"DC":11},"SpellDescriptor":"None","SpellSchool":"None","SpellLevel":0,"Direction":{"$type":"UnityEngine.Vector3, UnityEngine.CoreModule, Version=0.0.0.0, Culture=neutral, PublicKeyToken=null","x":0.0,"y":0.0,"z":0.0}},"Blueprint":"6948b379c0562714d9f6d58ccbfa8faa","m_ComponentsData":[{"$id":"290","ComponentName":"$TwoWeaponFightingAttackPenalty$bdf15419-9b1f-48ba-a816-6ffbb9b83258"},{"$id":"291","ComponentName":"$TwoWeaponFightingAttacks$c6c23e28-824b-4f52-abe1-49f605100e17"},{"$id":"292","ComponentName":"$TwoWeaponFightingDamagePenalty$93c71acb-3b4b-4fd4-a050-c774d3e13ece"}],"Rank":1,"Source":"5b72dd2ca2cb73b49903806ee8986325","Param":null,"IgnorePrerequisites":true,"Owner":{"$ref":"61"},"Initialized":true,"Active":true,"SourceItem":null,"SourceCutscene":{"$id":"293","EntityId":"c36e181e-9f08-4d68-865a-560112d551a5","Name":"NettleStartDialog","State":"NettlesCrossing_Mechanics"}},{"$id":"294","$type":"Kingmaker.UnitLogic.Feature, Assembly-CSharp","m_Context":{"$id":"295","m_OwnerDescriptor":{"$ref":"61"},"m_CasterReference":{"m_UniqueId":"39028b16-177e-4717-9439-92ba2c5bfbf3"},"m_Ranks":[0,0,0,0,0,0,0],"m_SharedValues":[0,0,0,0,0,0],"m_Params":null,"AssociatedBlueprint":"109f01a0cbd151d44a98b17056460bc9","ParentContext":null,"m_MainTarget":null,"Params":{"SpellSource":"Unknown","CasterLevel":1,"SpellLevel":1,"DC":11},"SpellDescriptor":"None","SpellSchool":"None","SpellLevel":0,"Direction":{"$type":"UnityEngine.Vector3, UnityEngine.CoreModule, Version=0.0.0.0, Culture=neutral, PublicKeyToken=null","x":0.0,"y":0.0,"z":0.0}},"Blueprint":"109f01a0cbd151d44a98b17056460bc9","m_ComponentsData":[{"$id":"296","ComponentName":"$AddFeatureToNPC$dfaecb92-b2fd-4e2c-b528-73104123ac46","m_AppliedFact":{"$id":"297","$type":"Kingmaker.UnitLogic.Feature, Assembly-CSharp","m_Context":{"$id":"298","m_OwnerDescriptor":{"$ref":"61"},"m_CasterReference":{"m_UniqueId":"39028b16-177e-4717-9439-92ba2c5bfbf3"},"m_Ranks":[0,0,0,0,0,0,0],"m_SharedValues":[0,0,0,0,0,0],"m_Params":null,"AssociatedBlueprint":"1001e3eb456a0244e93c9179c3f4a1a2","ParentContext":null,"m_MainTarget":null,"Params":{"SpellSource":"Unknown","CasterLevel":1,"SpellLevel":1,"DC":11},"SpellDescriptor":"None","SpellSchool":"None","SpellLevel":0,"Direction":{"$type":"UnityEngine.Vector3, UnityEngine.CoreModule, Version=0.0.0.0, Culture=neutral, PublicKeyToken=null","x":0.0,"y":0.0,"z":0.0}},"Blueprint":"1001e3eb456a0244e93c9179c3f4a1a2","m_ComponentsData":[{"$id":"299","ComponentName":"$AddBuffOnCombatStart$7157d582-fef6-4c77-96a2-dd24b6ebb8f4","m_AppliedBuff":null}],"Rank":1,"Source":null,"Param":null,"IgnorePrerequisites":true,"Owner":{"$ref":"61"},"Initialized":true,"Active":true,"SourceItem":null,"SourceCutscene":{"$id":"300","EntityId":"c36e181e-9f08-4d68-865a-560112d551a5","Name":"NettleStartDialog","State":"NettlesCrossing_Mechanics"}}}],"Rank":1,"Source":"5b72dd2ca2cb73b49903806ee8986325","Param":null,"IgnorePrerequisites":true,"Owner":{"$ref":"61"},"Initialized":true,"Active":true,"SourceItem":null,"SourceCutscene":{"$id":"301","EntityId":"c36e181e-9f08-4d68-865a-560112d551a5","Name":"NettleStartDialog","State":"NettlesCrossing_Mechanics"}},{"$ref":"297"},{"$id":"302","$type":"Kingmaker.UnitLogic.Feature, Assembly-CSharp","m_Context":{"$id":"303","m_OwnerDescriptor":{"$ref":"61"},"m_CasterReference":{"m_UniqueId":"39028b16-177e-4717-9439-92ba2c5bfbf3"},"m_Ranks":[0,0,0,0,0,0,0],"m_SharedValues":[0,0,0,0,0,0],"m_Params":null,"AssociatedBlueprint":"33bc1b86b3a2fa5489cc0a5bdcf3f6f8","ParentContext":null,"m_MainTarget":null,"Params":{"SpellSource":"Unknown","CasterLevel":1,"SpellLevel":1,"DC":11},"SpellDescriptor":"None","SpellSchool":"None","SpellLevel":0,"Direction":{"$type":"UnityEngine.Vector3, UnityEngine.CoreModule, Version=0.0.0.0, Culture=neutral, PublicKeyToken=null","x":0.0,"y":0.0,"z":0.0}},"Blueprint":"33bc1b86b3a2fa5489cc0a5bdcf3f6f8","m_ComponentsData":[{"$id":"304","ComponentName":"$AddFeatureToNPC$dfaecb92-b2fd-4e2c-b528-73104123ac46","m_AppliedFact":{"$id":"305","$type":"Kingmaker.UnitLogic.Feature, Assembly-CSharp","m_Context":{"$id":"306","m_OwnerDescriptor":{"$ref":"61"},"m_CasterReference":{"m_UniqueId":"39028b16-177e-4717-9439-92ba2c5bfbf3"},"m_Ranks":[0,0,0,0,0,0,0],"m_SharedValues":[0,0,0,0,0,0],"m_Params":null,"AssociatedBlueprint":"6e318c139554e3341b52991ba2c5a3c7","ParentContext":null,"m_MainTarget":null,"Params":{"SpellSource":"Unknown","CasterLevel":1,"SpellLevel":1,"DC":11},"SpellDescriptor":"None","SpellSchool":"None","SpellLevel":0,"Direction":{"$type":"UnityEngine.Vector3, UnityEngine.CoreModule, Version=0.0.0.0, Culture=neutral, PublicKeyToken=null","x":0.0,"y":0.0,"z":0.0}},"Blueprint":"6e318c139554e3341b52991ba2c5a3c7","m_ComponentsData":[{"$id":"307","ComponentName":"$DifficultyStatAdvancement$9c7c6873-c2c5-4af2-98a7-fdb67905544a"}],"Rank":1,"Source":null,"Param":null,"IgnorePrerequisites":true,"Owner":{"$ref":"61"},"Initialized":true,"Active":true,"SourceItem":null,"SourceCutscene":{"$id":"308","EntityId":"c36e181e-9f08-4d68-865a-560112d551a5","Name":"NettleStartDialog","State":"NettlesCrossing_Mechanics"}}}],"Rank":1,"Source":"5b72dd2ca2cb73b49903806ee8986325","Param":null,"IgnorePrerequisites":true,"Owner":{"$ref":"61"},"Initialized":true,"Active":true,"SourceItem":null,"SourceCutscene":{"$id":"309","EntityId":"c36e181e-9f08-4d68-865a-560112d551a5","Name":"NettleStartDialog","State":"NettlesCrossing_Mechanics"}},{"$ref":"305"},{"$id":"310","$type":"Kingmaker.UnitLogic.Feature, Assembly-CSharp","m_Context":{"$id":"311","m_OwnerDescriptor":{"$ref":"61"},"m_CasterReference":{"m_UniqueId":"39028b16-177e-4717-9439-92ba2c5bfbf3"},"m_Ranks":[0,0,0,0,0,0,0],"m_SharedValues":[0,0,0,0,0,0],"m_Params":null,"AssociatedBlueprint":"e4c33ff99d638744686112e2a5f49856","ParentContext":null,"m_MainTarget":null,"Params":{"SpellSource":"Unknown","CasterLevel":1,"SpellLevel":1,"DC":11},"SpellDescriptor":"None","SpellSchool":"None","SpellLevel":0,"Direction":{"$type":"UnityEngine.Vector3, UnityEngine.CoreModule, Version=0.0.0.0, Culture=neutral, PublicKeyToken=null","x":0.0,"y":0.0,"z":0.0}},"Blueprint":"e4c33ff99d638744686112e2a5f49856","m_ComponentsData":[{"$id":"312","ComponentName":"$AddFeatureOnSkill$53c006d9-0279-4910-a197-7b7378b87ec5","m_AppliedFacts":{"$type":"System.Collections.Generic.List`1[[Kingmaker.Blueprints.Facts.Fact, Assembly-CSharp]], mscorlib","$values":[]}},{"$id":"313","ComponentName":"$AddFeatureOnSkill$c5d0a9a0-1733-4e85-a93e-5dfa4ce8d13f","m_AppliedFacts":{"$type":"System.Collections.Generic.List`1[[Kingmaker.Blueprints.Facts.Fact, Assembly-CSharp]], mscorlib","$values":[{"$ref":"212"}]}},{"$id":"314","ComponentName":"$AddFeatureOnSkill$582c00e4-c980-4e3a-b47a-9b026e64922d","m_AppliedFacts":{"$type":"System.Collections.Generic.List`1[[Kingmaker.Blueprints.Facts.Fact, Assembly-CSharp]], mscorlib","$values":[{"$ref":"218"}]}}],"Rank":1,"Source":"5b72dd2ca2cb73b49903806ee8986325","Param":null,"IgnorePrerequisites":true,"Owner":{"$ref":"61"},"Initialized":true,"Active":true,"SourceItem":null,"SourceCutscene":{"$id":"315","EntityId":"c36e181e-9f08-4d68-865a-560112d551a5","Name":"NettleStartDialog","State":"NettlesCrossing_Mechanics"}},{"$id":"316","$type":"Kingmaker.UnitLogic.Feature, Assembly-CSharp","m_Context":{"$id":"317","m_OwnerDescriptor":{"$ref":"61"},"m_CasterReference":{"m_UniqueId":"39028b16-177e-4717-9439-92ba2c5bfbf3"},"m_Ranks":[0,0,0,0,0,0,0],"m_SharedValues":[0,0,0,0,0,0],"m_Params":null,"AssociatedBlueprint":"0aeba56961779e54a8a0f6dedef081ee","ParentContext":null,"m_MainTarget":null,"Params":{"SpellSource":"Unknown","CasterLevel":1,"SpellLevel":1,"DC":11},"SpellDescriptor":"None","SpellSchool":"None","SpellLevel":0,"Direction":{"$type":"UnityEngine.Vector3, UnityEngine.CoreModule, Version=0.0.0.0, Culture=neutral, PublicKeyToken=null","x":0.0,"y":0.0,"z":0.0}},"Blueprint":"0aeba56961779e54a8a0f6dedef081ee","m_ComponentsData":[{"$id":"318","ComponentName":"$AddBuffInBadWeather$a3a8772d-c0bc-414a-b935-e00092ee6c06"}],"Rank":1,"Source":"5b72dd2ca2cb73b49903806ee8986325","Param":null,"IgnorePrerequisites":true,"Owner":{"$ref":"61"},"Initialized":true,"Active":true,"SourceItem":null,"SourceCutscene":{"$id":"319","EntityId":"c36e181e-9f08-4d68-865a-560112d551a5","Name":"NettleStartDialog","State":"NettlesCrossing_Mechanics"}},{"$id":"320","$type":"Kingmaker.UnitLogic.Feature, Assembly-CSharp","m_Context":{"$id":"321","m_OwnerDescriptor":{"$ref":"61"},"m_CasterReference":{"m_UniqueId":"39028b16-177e-4717-9439-92ba2c5bfbf3"},"m_Ranks":[0,0,0,0,0,0,0],"m_SharedValues":[0,0,0,0,0,0],"m_Params":null,"AssociatedBlueprint":"734a29b693e9ec346ba2951b27987e33","ParentContext":null,"m_MainTarget":null,"Params":{"SpellSource":"Unknown","CasterLevel":1,"SpellLevel":1,"DC":11},"SpellDescriptor":"None","SpellSchool":"None","SpellLevel":0,"Direction":{"$type":"UnityEngine.Vector3, UnityEngine.CoreModule, Version=0.0.0.0, Culture=neutral, PublicKeyToken=null","x":0.0,"y":0.0,"z":0.0}},"Blueprint":"734a29b693e9ec346ba2951b27987e33","m_ComponentsData":[{"$id":"322","ComponentName":"$UndeadHealth$1503981b-ebd8-4b6d-829c-e5af8ca7a164"},{"$id":"323","ComponentName":"$AddFacts$6c1f8290-b2a9-4bc7-84af-511dbc33110e","m_AppliedFacts":{"$type":"System.Collections.Generic.List`1[[Kingmaker.Blueprints.Facts.Fact, Assembly-CSharp]], mscorlib","$values":[{"$id":"324","$type":"Kingmaker.UnitLogic.Feature, Assembly-CSharp","m_Context":{"$id":"325","m_OwnerDescriptor":{"$ref":"61"},"m_CasterReference":{"m_UniqueId":"39028b16-177e-4717-9439-92ba2c5bfbf3"},"m_Ranks":[0,0,0,0,0,0,0],"m_SharedValues":[0,0,0,0,0,0],"m_Params":null,"AssociatedBlueprint":"8a75eb16bfff86949a4ddcb3dd2f83ae","ParentContext":null,"m_MainTarget":null,"Params":{"SpellSource":"Unknown","CasterLevel":1,"SpellLevel":1,"DC":11},"SpellDescriptor":"None","SpellSchool":"None","SpellLevel":0,"Direction":{"$type":"UnityEngine.Vector3, UnityEngine.CoreModule, Version=0.0.0.0, Culture=neutral, PublicKeyToken=null","x":0.0,"y":0.0,"z":0.0}},"Blueprint":"8a75eb16bfff86949a4ddcb3dd2f83ae","m_ComponentsData":[{"$id":"326","ComponentName":"$AddConditionImmunity$e9468234-1521-4f8a-8d6d-610a35cf23c4"},{"$id":"327","ComponentName":"$AddConditionImmunity$1941b6f7-6098-4360-a258-889cddd02c2b"},{"$id":"328","ComponentName":"$AddConditionImmunity$ffa417e1-0295-440a-82fd-278c11fa28c6"},{"$id":"329","ComponentName":"$BuffDescriptorImmunity$eb929088-4f9e-4c60-92ee-89a0fa13d8f1"},{"$id":"330","ComponentName":"$BuffDescriptorImmunity$d4fb14f4-7d7b-45b3-ab7f-d7eb6f9f7a63"},{"$id":"331","ComponentName":"$DerivativeStatBonus$24891956-1323-478e-b0a4-b96472b79ad6"},{"$id":"332","ComponentName":"$SpellImmunityToSpellDescriptor$c0976aae-8934-4994-9b1a-f5614f7d4f26"},{"$id":"333","ComponentName":"$SpellImmunityToSpellDescriptor$fb56d182-0078-4f5e-a1dd-5730215f7e72"},{"$id":"334","ComponentName":"$AddImmunityToAbilityScoreDamage$d886f4a4-2033-4ed0-bf23-14c29641d25b"},{"$id":"335","ComponentName":"$AddEnergyImmunity$75dd9c23-8027-4cd3-8753-dbe454f520e3"}],"Rank":1,"Source":null,"Param":null,"IgnorePrerequisites":true,"Owner":{"$ref":"61"},"Initialized":true,"Active":true,"SourceItem":null,"SourceCutscene":{"$id":"336","EntityId":"c36e181e-9f08-4d68-865a-560112d551a5","Name":"NettleStartDialog","State":"NettlesCrossing_Mechanics"}}]}}],"Rank":1,"Source":"c7784cdabf146e74cba9af50742ad091","Param":null,"IgnorePrerequisites":true,"Owner":{"$ref":"61"},"Initialized":true,"Active":true,"SourceItem":null,"SourceCutscene":{"$id":"337","EntityId":"c36e181e-9f08-4d68-865a-560112d551a5","Name":"NettleStartDialog","State":"NettlesCrossing_Mechanics"}},{"$ref":"324"},{"$id":"338","$type":"Kingmaker.UnitLogic.Feature, Assembly-CSharp","m_Context":{"$id":"339","m_OwnerDescriptor":{"$ref":"61"},"m_CasterReference":{"m_UniqueId":"39028b16-177e-4717-9439-92ba2c5bfbf3"},"m_Ranks":[0,0,0,0,0,0,0],"m_SharedValues":[0,0,0,0,0,0],"m_Params":null,"AssociatedBlueprint":"1e1f627d26ad36f43bbd26cc2bf8ac7e","ParentContext":null,"m_MainTarget":null,"Params":{"SpellSource":"Unknown","CasterLevel":1,"SpellLevel":1,"DC":11},"SpellDescriptor":"None","SpellSchool":"None","SpellLevel":0,"Direction":{"$type":"UnityEngine.Vector3, UnityEngine.CoreModule, Version=0.0.0.0, Culture=neutral, PublicKeyToken=null","x":0.0,"y":0.0,"z":0.0}},"Blueprint":"1e1f627d26ad36f43bbd26cc2bf8ac7e","m_ComponentsData":[{"$id":"340","ComponentName":"$WeaponFocusParametrized$1872dc87-530b-4a2a-a167-0d5f891fb5fd"},{"$id":"341","ComponentName":"$AddStartingEquipment$0b28cd57-9eda-4c93-96ed-8eca21b436e1"}],"Rank":1,"Source":"5b72dd2ca2cb73b49903806ee8986325","Param":{"$id":"342","$type":"System.Nullable`1[[Kingmaker.Blueprints.Classes.Selection.FeatureParam, Assembly-CSharp]], mscorlib","Blueprint":null,"WeaponCategory":"Scimitar","SpellSchool":null,"StatType":null},"IgnorePrerequisites":true,"Owner":{"$ref":"61"},"Initialized":true,"Active":true,"SourceItem":null,"SourceCutscene":{"$id":"343","EntityId":"c36e181e-9f08-4d68-865a-560112d551a5","Name":"NettleStartDialog","State":"NettlesCrossing_Mechanics"}},{"$id":"344","$type":"Kingmaker.UnitLogic.Feature, Assembly-CSharp","m_Context":{"$id":"345","m_OwnerDescriptor":{"$ref":"61"},"m_CasterReference":{"m_UniqueId":"39028b16-177e-4717-9439-92ba2c5bfbf3"},"m_Ranks":[0,0,0,0,0,0,0],"m_SharedValues":[0,0,0,0,0,0],"m_Params":null,"AssociatedBlueprint":"b50e94b57be32f74892f381ae2a8905a","ParentContext":null,"m_MainTarget":null,"Params":{"SpellSource":"Unknown","CasterLevel":1,"SpellLevel":1,"DC":11},"SpellDescriptor":"None","SpellSchool":"None","SpellLevel":0,"Direction":{"$type":"UnityEngine.Vector3, UnityEngine.CoreModule, Version=0.0.0.0, Culture=neutral, PublicKeyToken=null","x":0.0,"y":0.0,"z":0.0}},"Blueprint":"b50e94b57be32f74892f381ae2a8905a","m_ComponentsData":[],"Rank":1,"Source":"48ac8db94d5de7645906c7d0ad3bcfbd","Param":null,"IgnorePrerequisites":true,"Owner":{"$ref":"61"},"Initialized":true,"Active":true,"SourceItem":null,"SourceCutscene":{"$id":"346","EntityId":"c36e181e-9f08-4d68-865a-560112d551a5","Name":"NettleStartDialog","State":"NettlesCrossing_Mechanics"}},{"$id":"347","$type":"Kingmaker.UnitLogic.Feature, Assembly-CSharp","m_Context":{"$id":"348","m_OwnerDescriptor":{"$ref":"61"},"m_CasterReference":{"m_UniqueId":"39028b16-177e-4717-9439-92ba2c5bfbf3"},"m_Ranks":[0,0,0,0,0,0,0],"m_SharedValues":[0,0,0,0,0,0],"m_Params":null,"AssociatedBlueprint":"41c8486641f7d6d4283ca9dae4147a9f","ParentContext":null,"m_MainTarget":null,"Params":{"SpellSource":"Unknown","CasterLevel":1,"SpellLevel":1,"DC":11},"SpellDescriptor":"None","SpellSchool":"None","SpellLevel":0,"Direction":{"$type":"UnityEngine.Vector3, UnityEngine.CoreModule, Version=0.0.0.0, Culture=neutral, PublicKeyToken=null","x":0.0,"y":0.0,"z":0.0}},"Blueprint":"41c8486641f7d6d4283ca9dae4147a9f","m_ComponentsData":[],"Rank":1,"Source":"b50e94b57be32f74892f381ae2a8905a","Param":null,"IgnorePrerequisites":true,"Owner":{"$ref":"61"},"Initialized":true,"Active":true,"SourceItem":null,"SourceCutscene":{"$id":"349","EntityId":"c36e181e-9f08-4d68-865a-560112d551a5","Name":"NettleStartDialog","State":"NettlesCrossing_Mechanics"}},{"$id":"350","$type":"Kingmaker.UnitLogic.Feature, Assembly-CSharp","m_Context":{"$id":"351","m_OwnerDescriptor":{"$ref":"61"},"m_CasterReference":{"m_UniqueId":"39028b16-177e-4717-9439-92ba2c5bfbf3"},"m_Ranks":[0,0,0,0,0,0,0],"m_SharedValues":[0,0,0,0,0,0],"m_Params":null,"AssociatedBlueprint":"a23591cc77086494ba20880f87e73970","ParentContext":null,"m_MainTarget":null,"Params":{"SpellSource":"Unknown","CasterLevel":1,"SpellLevel":1,"DC":11},"SpellDescriptor":"None","SpellSchool":"None","SpellLevel":0,"Direction":{"$type":"UnityEngine.Vector3, UnityEngine.CoreModule, Version=0.0.0.0, Culture=neutral, PublicKeyToken=null","x":0.0,"y":0.0,"z":0.0}},"Blueprint":"a23591cc77086494ba20880f87e73970","m_ComponentsData":[{"$id":"352","ComponentName":"$AddFacts$5a1e750e-7598-4564-9200-84ad92acfea1","m_AppliedFacts":{"$type":"System.Collections.Generic.List`1[[Kingmaker.Blueprints.Facts.Fact, Assembly-CSharp]], mscorlib","$values":[{"$id":"353","$type":"Kingmaker.UnitLogic.Feature, Assembly-CSharp","m_Context":{"$id":"354","m_OwnerDescriptor":{"$ref":"61"},"m_CasterReference":{"m_UniqueId":"39028b16-177e-4717-9439-92ba2c5bfbf3"},"m_Ranks":[0,0,0,0,0,0,0],"m_SharedValues":[0,0,0,0,0,0],"m_Params":null,"AssociatedBlueprint":"6d3728d4e9c9898458fe5e9532951132","ParentContext":null,"m_MainTarget":null,"Params":{"SpellSource":"Unknown","CasterLevel":1,"SpellLevel":1,"DC":11},"SpellDescriptor":"None","SpellSchool":"None","SpellLevel":0,"Direction":{"$type":"UnityEngine.Vector3, UnityEngine.CoreModule, Version=0.0.0.0, Culture=neutral, PublicKeyToken=null","x":0.0,"y":0.0,"z":0.0}},"Blueprint":"6d3728d4e9c9898458fe5e9532951132","m_ComponentsData":[{"$id":"355","ComponentName":"$AddProficiencies$2f57ed58-ebce-4dc4-9743-84409716128e"}],"Rank":1,"Source":null,"Param":null,"IgnorePrerequisites":true,"Owner":{"$ref":"61"},"Initialized":true,"Active":true,"SourceItem":null,"SourceCutscene":{"$id":"356","EntityId":"c36e181e-9f08-4d68-865a-560112d551a5","Name":"NettleStartDialog","State":"NettlesCrossing_Mechanics"}},{"$id":"357","$type":"Kingmaker.UnitLogic.Feature, Assembly-CSharp","m_Context":{"$id":"358","m_OwnerDescriptor":{"$ref":"61"},"m_CasterReference":{"m_UniqueId":"39028b16-177e-4717-9439-92ba2c5bfbf3"},"m_Ranks":[0,0,0,0,0,0,0],"m_SharedValues":[0,0,0,0,0,0],"m_Params":null,"AssociatedBlueprint":"46f4fb320f35704488ba3d513397789d","ParentContext":null,"m_MainTarget":null,"Params":{"SpellSource":"Unknown","CasterLevel":1,"SpellLevel":1,"DC":11},"SpellDescriptor":"None","SpellSchool":"None","SpellLevel":0,"Direction":{"$type":"UnityEngine.Vector3, UnityEngine.CoreModule, Version=0.0.0.0, Culture=neutral, PublicKeyToken=null","x":0.0,"y":0.0,"z":0.0}},"Blueprint":"46f4fb320f35704488ba3d513397789d","m_ComponentsData":[{"$id":"359","ComponentName":"$AddProficiencies$2f57ed58-ebce-4dc4-9743-84409716128e"}],"Rank":1,"Source":null,"Param":null,"IgnorePrerequisites":true,"Owner":{"$ref":"61"},"Initialized":true,"Active":true,"SourceItem":null,"SourceCutscene":{"$id":"360","EntityId":"c36e181e-9f08-4d68-865a-560112d551a5","Name":"NettleStartDialog","State":"NettlesCrossing_Mechanics"}},{"$id":"361","$type":"Kingmaker.UnitLogic.Feature, Assembly-CSharp","m_Context":{"$id":"362","m_OwnerDescriptor":{"$ref":"61"},"m_CasterReference":{"m_UniqueId":"39028b16-177e-4717-9439-92ba2c5bfbf3"},"m_Ranks":[0,0,0,0,0,0,0],"m_SharedValues":[0,0,0,0,0,0],"m_Params":null,"AssociatedBlueprint":"1b0f68188dcc435429fb87a022239681","ParentContext":null,"m_MainTarget":null,"Params":{"SpellSource":"Unknown","CasterLevel":1,"SpellLevel":1,"DC":11},"SpellDescriptor":"None","SpellSchool":"None","SpellLevel":0,"Direction":{"$type":"UnityEngine.Vector3, UnityEngine.CoreModule, Version=0.0.0.0, Culture=neutral, PublicKeyToken=null","x":0.0,"y":0.0,"z":0.0}},"Blueprint":"1b0f68188dcc435429fb87a022239681","m_ComponentsData":[{"$id":"363","ComponentName":"$AddProficiencies$2f57ed58-ebce-4dc4-9743-84409716128e"}],"Rank":1,"Source":null,"Param":null,"IgnorePrerequisites":true,"Owner":{"$ref":"61"},"Initialized":true,"Active":true,"SourceItem":null,"SourceCutscene":{"$id":"364","EntityId":"c36e181e-9f08-4d68-865a-560112d551a5","Name":"NettleStartDialog","State":"NettlesCrossing_Mechanics"}},{"$id":"365","$type":"Kingmaker.UnitLogic.Feature, Assembly-CSharp","m_Context":{"$id":"366","m_OwnerDescriptor":{"$ref":"61"},"m_CasterReference":{"m_UniqueId":"39028b16-177e-4717-9439-92ba2c5bfbf3"},"m_Ranks":[0,0,0,0,0,0,0],"m_SharedValues":[0,0,0,0,0,0],"m_Params":null,"AssociatedBlueprint":"e70ecf1ed95ca2f40b754f1adb22bbdd","ParentContext":null,"m_MainTarget":null,"Params":{"SpellSource":"Unknown","CasterLevel":1,"SpellLevel":1,"DC":11},"SpellDescriptor":"None","SpellSchool":"None","SpellLevel":0,"Direction":{"$type":"UnityEngine.Vector3, UnityEngine.CoreModule, Version=0.0.0.0, Culture=neutral, PublicKeyToken=null","x":0.0,"y":0.0,"z":0.0}},"Blueprint":"e70ecf1ed95ca2f40b754f1adb22bbdd","m_ComponentsData":[{"$id":"367","ComponentName":"$AddProficiencies$2f57ed58-ebce-4dc4-9743-84409716128e"}],"Rank":1,"Source":null,"Param":null,"IgnorePrerequisites":true,"Owner":{"$ref":"61"},"Initialized":true,"Active":true,"SourceItem":null,"SourceCutscene":{"$id":"368","EntityId":"c36e181e-9f08-4d68-865a-560112d551a5","Name":"NettleStartDialog","State":"NettlesCrossing_Mechanics"}},{"$id":"369","$type":"Kingmaker.UnitLogic.Feature, Assembly-CSharp","m_Context":{"$id":"370","m_OwnerDescriptor":{"$ref":"61"},"m_CasterReference":{"m_UniqueId":"39028b16-177e-4717-9439-92ba2c5bfbf3"},"m_Ranks":[0,0,0,0,0,0,0],"m_SharedValues":[0,0,0,0,0,0],"m_Params":null,"AssociatedBlueprint":"203992ef5b35c864390b4e4a1e200629","ParentContext":null,"m_MainTarget":null,"Params":{"SpellSource":"Unknown","CasterLevel":1,"SpellLevel":1,"DC":11},"SpellDescriptor":"None","SpellSchool":"None","SpellLevel":0,"Direction":{"$type":"UnityEngine.Vector3, UnityEngine.CoreModule, Version=0.0.0.0, Culture=neutral, PublicKeyToken=null","x":0.0,"y":0.0,"z":0.0}},"Blueprint":"203992ef5b35c864390b4e4a1e200629","m_ComponentsData":[{"$id":"371","ComponentName":"$AddProficiencies$2f57ed58-ebce-4dc4-9743-84409716128e"},{"$id":"372","ComponentName":"$AddProficiencies$1d6852f4-20bd-4202-afd4-1b458e39c7da"},{"$id":"373","ComponentName":"$AddProficiencies$7450611f-7567-4b2e-834e-e712ccc00fd9"},{"$id":"374","ComponentName":"$AddProficiencies$abf37746-6521-43e2-b28b-6a2c18e1ff15"},{"$id":"375","ComponentName":"$AddProficiencies$c9335adf-120a-4e32-910d-e129c59d4409"},{"$id":"376","ComponentName":"$AddProficiencies$f434ca0b-cbd1-4305-ba59-55fe850d326b"}],"Rank":1,"Source":null,"Param":null,"IgnorePrerequisites":true,"Owner":{"$ref":"61"},"Initialized":true,"Active":true,"SourceItem":null,"SourceCutscene":{"$id":"377","EntityId":"c36e181e-9f08-4d68-865a-560112d551a5","Name":"NettleStartDialog","State":"NettlesCrossing_Mechanics"}},{"$id":"378","$type":"Kingmaker.UnitLogic.Feature, Assembly-CSharp","m_Context":{"$id":"379","m_OwnerDescriptor":{"$ref":"61"},"m_CasterReference":{"m_UniqueId":"39028b16-177e-4717-9439-92ba2c5bfbf3"},"m_Ranks":[0,0,0,0,0,0,0],"m_SharedValues":[0,0,0,0,0,0],"m_Params":null,"AssociatedBlueprint":"cb8686e7357a68c42bdd9d4e65334633","ParentContext":null,"m_MainTarget":null,"Params":{"SpellSource":"Unknown","CasterLevel":1,"SpellLevel":1,"DC":11},"SpellDescriptor":"None","SpellSchool":"None","SpellLevel":0,"Direction":{"$type":"UnityEngine.Vector3, UnityEngine.CoreModule, Version=0.0.0.0, Culture=neutral, PublicKeyToken=null","x":0.0,"y":0.0,"z":0.0}},"Blueprint":"cb8686e7357a68c42bdd9d4e65334633","m_ComponentsData":[{"$id":"380","ComponentName":"$AddProficiencies$2f57ed58-ebce-4dc4-9743-84409716128e"}],"Rank":1,"Source":null,"Param":null,"IgnorePrerequisites":true,"Owner":{"$ref":"61"},"Initialized":true,"Active":true,"SourceItem":null,"SourceCutscene":{"$id":"381","EntityId":"c36e181e-9f08-4d68-865a-560112d551a5","Name":"NettleStartDialog","State":"NettlesCrossing_Mechanics"}},{"$id":"382","$type":"Kingmaker.UnitLogic.Feature, Assembly-CSharp","m_Context":{"$id":"383","m_OwnerDescriptor":{"$ref":"61"},"m_CasterReference":{"m_UniqueId":"39028b16-177e-4717-9439-92ba2c5bfbf3"},"m_Ranks":[0,0,0,0,0,0,0],"m_SharedValues":[0,0,0,0,0,0],"m_Params":null,"AssociatedBlueprint":"6105f450bb2acbd458d277e71e19d835","ParentContext":null,"m_MainTarget":null,"Params":{"SpellSource":"Unknown","CasterLevel":1,"SpellLevel":1,"DC":11},"SpellDescriptor":"None","SpellSchool":"None","SpellLevel":0,"Direction":{"$type":"UnityEngine.Vector3, UnityEngine.CoreModule, Version=0.0.0.0, Culture=neutral, PublicKeyToken=null","x":0.0,"y":0.0,"z":0.0}},"Blueprint":"6105f450bb2acbd458d277e71e19d835","m_ComponentsData":[{"$id":"384","ComponentName":"$AddProficiencies$2f57ed58-ebce-4dc4-9743-84409716128e"}],"Rank":1,"Source":null,"Param":null,"IgnorePrerequisites":true,"Owner":{"$ref":"61"},"Initialized":true,"Active":true,"SourceItem":null,"SourceCutscene":{"$id":"385","EntityId":"c36e181e-9f08-4d68-865a-560112d551a5","Name":"NettleStartDialog","State":"NettlesCrossing_Mechanics"}}]}}],"Rank":1,"Source":"b50e94b57be32f74892f381ae2a8905a","Param":null,"IgnorePrerequisites":true,"Owner":{"$ref":"61"},"Initialized":true,"Active":true,"SourceItem":null,"SourceCutscene":{"$id":"386","EntityId":"c36e181e-9f08-4d68-865a-560112d551a5","Name":"NettleStartDialog","State":"NettlesCrossing_Mechanics"}},{"$ref":"353"},{"$ref":"357"},{"$ref":"361"},{"$ref":"365"},{"$ref":"369"},{"$ref":"378"},{"$ref":"382"},{"$id":"387","$type":"Kingmaker.UnitLogic.Feature, Assembly-CSharp","m_Context":{"$id":"388","m_OwnerDescriptor":{"$ref":"61"},"m_CasterReference":{"m_UniqueId":"39028b16-177e-4717-9439-92ba2c5bfbf3"},"m_Ranks":[0,0,0,0,0,0,0],"m_SharedValues":[0,0,0,0,0,0],"m_Params":null,"AssociatedBlueprint":"9972f33f977fc724c838e59641b2fca5","ParentContext":null,"m_MainTarget":null,"Params":{"SpellSource":"Unknown","CasterLevel":1,"SpellLevel":1,"DC":11},"SpellDescriptor":"None","SpellSchool":"None","SpellLevel":0,"Direction":{"$type":"UnityEngine.Vector3, UnityEngine.CoreModule, Version=0.0.0.0, Culture=neutral, PublicKeyToken=null","x":0.0,"y":0.0,"z":0.0}},"Blueprint":"9972f33f977fc724c838e59641b2fca5","m_ComponentsData":[{"$id":"389","ComponentName":"$AddFacts$1d537ae8-86db-4df4-b28f-789a7c7b031c","m_AppliedFacts":{"$type":"System.Collections.Generic.List`1[[Kingmaker.Blueprints.Facts.Fact, Assembly-CSharp]], mscorlib","$values":[{"$ref":"220"}]}},{"$id":"390","ComponentName":"$PowerAttackWatcher$31474e7c-b312-45d7-8ead-169d2161cf69"}],"Rank":1,"Source":"5b72dd2ca2cb73b49903806ee8986325","Param":null,"IgnorePrerequisites":true,"Owner":{"$ref":"61"},"Initialized":true,"Active":true,"SourceItem":null,"SourceCutscene":{"$id":"391","EntityId":"c36e181e-9f08-4d68-865a-560112d551a5","Name":"NettleStartDialog","State":"NettlesCrossing_Mechanics"}},{"$id":"392","$type":"Kingmaker.UnitLogic.Feature, Assembly-CSharp","m_Context":{"$id":"393","m_OwnerDescriptor":{"$ref":"61"},"m_CasterReference":{"m_UniqueId":"39028b16-177e-4717-9439-92ba2c5bfbf3"},"m_Ranks":[0,0,0,0,0,0,0],"m_SharedValues":[0,0,0,0,0,0],"m_Params":null,"AssociatedBlueprint":"97e216dbb46ae3c4faef90cf6bbe6fd5","ParentContext":null,"m_MainTarget":null,"Params":{"SpellSource":"Unknown","CasterLevel":1,"SpellLevel":1,"DC":11},"SpellDescriptor":"None","SpellSchool":"None","SpellLevel":0,"Direction":{"$type":"UnityEngine.Vector3, UnityEngine.CoreModule, Version=0.0.0.0, Culture=neutral, PublicKeyToken=null","x":0.0,"y":0.0,"z":0.0}},"Blueprint":"97e216dbb46ae3c4faef90cf6bbe6fd5","m_ComponentsData":[{"$id":"394","ComponentName":"$AddStatBonus$67fff92a-670c-4752-bc82-57a468bb4126"}],"Rank":1,"Source":"b50e94b57be32f74892f381ae2a8905a","Param":null,"IgnorePrerequisites":true,"Owner":{"$ref":"61"},"Initialized":true,"Active":true,"SourceItem":null,"SourceCutscene":{"$id":"395","EntityId":"c36e181e-9f08-4d68-865a-560112d551a5","Name":"NettleStartDialog","State":"NettlesCrossing_Mechanics"}}],"Owner":{"$ref":"61"},"ActiveByDefault":true},"m_Selections":[{"Key":"247a4068296e8be42890143f451b4b45","Value":{"$id":"396","m_SelectionsByLevel":[{"Key":1,"Value":["1e1f627d26ad36f43bbd26cc2bf8ac7e"]},{"Key":3,"Value":["9972f33f977fc724c838e59641b2fca5"]}]}},{"Key":"41c8486641f7d6d4283ca9dae4147a9f","Value":{"$id":"397","m_SelectionsByLevel":[{"Key":1,"Value":["97e216dbb46ae3c4faef90cf6bbe6fd5"]}]}}],"ClassSkills":[],"Owner":{"$ref":"61"},"m_LevelPlans":[],"CharacterLevel":3,"Experience":5000,"TotalIntelligenceSkillPoints":2},"UISettings":{"$id":"398","m_Phase":0,"m_ShowAdditionalActionBarOnce":false,"Slots":null,"m_AlreadyAutomaniclyAdded":[],"m_ActivatableAbilityAlreadyAutomaniclyAdded":[],"m_Portrait":null,"m_CustomPortrait":null},"State":{"$id":"399","m_Conditions":[0,0,0,0,0,0,0,0,0,0,0,0,0,0,0,0,0,0,0,0,0,0,0,0,0,0,0,0,0,0,0,0,0,0,0,0,0,0,0,0,0,0,0,0,0],"m_ConditionsImmunity":[0,0,0,0,0,0,0,0,0,0,0,0,0,0,0,0,0,0,0,0,0,0,0,0,0,0,0,0,0,0,0,0,0,0,0,0,0,0,0,0,0,0,0,0,0],"m_StatusEffects":[],"m_Size":"Medium","IsRegenerate":{"$id":"400","m_Count":0},"Immortality":{"$id":"401","m_Count":0},"AllowDyingCondition":{"$id":"402","m_Count":0},"HasRend":{"$id":"403","m_Count":0},"ResurrectOnRest":{"$id":"404","m_Count":0},"GetUpWithoutAttackOfOpportunity":{"$id":"405","m_Count":0},"IsUntargetable":{"$id":"406","m_Count":0},"IsIgnoredByCombat":{"$id":"407","m_Count":0},"Prone":{"$id":"408","Active":false,"ShouldBeActive":false,"Duration":"00:00:00"},"Features":{"$id":"409","Infusion":{"$id":"410","m_Count":0},"LingeringPerformance":{"$id":"411","m_Count":0},"Manyshot":{"$id":"412","m_Count":0},"ShieldBash":{"$id":"413","m_Count":0},"RangedLegerdemain":{"$id":"414","m_Count":0},"WandMastery":{"$id":"415","m_Count":0},"EldritchWandMastery":{"$id":"416","m_Count":0},"JudgmentSwitch":{"$id":"417","m_Count":0},"SoloTactics":{"$id":"418","m_Count":0},"CannotBeFlanked":{"$id":"419","m_Count":0},"Pounce":{"$id":"420","m_Count":0},"NaturalSpell":{"$id":"421","m_Count":0},"DoubleSlice":{"$id":"422","m_Count":0},"ImmuneToArmorSpeedPenalty":{"$id":"423","m_Count":0},"KnifeMaster":{"$id":"424","m_Count":0},"FrighteningThug":{"$id":"425","m_Count":0},"Ferocity":{"$id":"426","m_Count":0},"HalfOrcFerocity":{"$id":"427","m_Count":0},"QuickenPerformance1":{"$id":"428","m_Count":0},"QuickenPerformance2":{"$id":"429","m_Count":0},"SingingSteel":{"$id":"430","m_Count":0},"ImprovedUnarmedStrike":{"$id":"431","m_Count":0},"DeflectArrows":{"$id":"432","m_Count":0},"IterativeNaturalAttacks":{"$id":"433","m_Count":0},"InfusedCurative":{"$id":"434","m_Count":0},"ScrollMastery":{"$id":"435","m_Count":0},"CompletelyImpatient":{"$id":"436","m_Count":0},"Endurance":{"$id":"437","m_Count":0},"HandOfMagusDan":{"$id":"438","m_Count":0},"MakeKnowledgeCheckUntrained":{"$id":"439","m_Count":0},"ImmunToMediumArmorSpeedPenalty":{"$id":"440","m_Count":0},"DuelistNoRetreat":{"$id":"441","m_Count":0},"SwordlordWeaponProwess":{"$id":"442","m_Count":0},"DuelingMastery":{"$id":"443","m_Count":0},"DuelistRiposte":{"$id":"444","m_Count":0},"PrimalMagicEssence":{"$id":"445","m_Count":0},"ShatterDefenses":{"$id":"446","m_Count":0},"WeaponFinesse":{"$id":"447","m_Count":0},"EffortlessDualWielding":{"$id":"448","m_Count":0},"ExtendPotion":{"$id":"449","m_Count":0}},"SpellCastingForbidden":{"$id":"450","m_Count":0},"ExAndSuAbilitiesForbidden":{"$id":"451","m_Count":0},"MagicItemsForbidden":{"$id":"452","m_Count":0},"RotationForbidden":{"$id":"453","m_Count":0},"CanRemoveFromParty":false,"Owner":{"$ref":"61"},"LifeState":"Conscious","IsInStealth":false,"IsPanicked":false,"IsFinallyDead":false,"DeathTime":"00:00:00","MarkedForDeath":false,"ForceKill":false},"Proficiencies":{"$id":"454","m_ArmorProficiencies":{"$id":"455","m_Data":[{"Key":"None","Value":1}]},"m_WeaponProficiencies":{"$id":"456","m_Data":[{"Key":"UnarmedStrike","Value":1},{"Key":"Bite","Value":1},{"Key":"Claw","Value":1},{"Key":"Gore","Value":1},{"Key":"Touch","Value":1},{"Key":"Ray","Value":1},{"Key":"OtherNaturalWeapons","Value":1}]}},"Alignment":{"$id":"457","m_Owner":{"$ref":"61"},"m_History":[{"$id":"458","Position":{"x":0.0,"y":0.0},"Direction":"TrueNeutral","Provider":null},{"$id":"459","Position":{"x":1.19248806E-08,"y":-1.0},"Direction":"NeutralEvil","Provider":null}],"Vector":{"x":1.19248806E-08,"y":-1.0}},"Master":{"m_UniqueId":null},"CustomGender":null,"LeftHandedOverride":null,"CustomName":"","CustomAsks":null,"OverrideAsks":null,"ForcceUseClassEquipment":false,"Doll":null,"BirthDay":-1,"BirthMonth":-1,"CustomPrefabGuid":"","m_Pet":{"m_UniqueId":null},"m_AppliedFixers":null,"Blueprint":"83883309c18a3c34693b8847e2610d36","ReplaceBlueprintForInspection":null,"Unit":{"$ref":"58"},"Brain":{"$id":"460","Unit":{"$ref":"61"},"Blueprint":"5abc8884c6f15204c8604cb01a2efbab","Actions":[{"$id":"461","Blueprint":"866ffa6c34000cd4a86fb1671f86c7d8","BaseScore":1.0,"ExtraActorConsiderations":null,"ExtraTargetConsiderations":null}],"AvailableActions":[{"$ref":"461"}]},"Faction":"d64258e86eeb1d8479f35a9b16f6590a","IsEssentialForGame":false,"Encumbrance":"Light"},"Position":{"$type":"UnityEngine.Vector3, UnityEngine.CoreModule, Version=0.0.0.0, Culture=neutral, PublicKeyToken=null","x":14.0987787,"y":6.905311,"z":-11.6252823},"FlyHeight":0.0,"PreviousPosition":{"$type":"UnityEngine.Vector3, UnityEngine.CoreModule, Version=0.0.0.0, Culture=neutral, PublicKeyToken=null","x":14.0987787,"y":6.905311,"z":-11.6252823},"DesiredOrientation":352.302948,"TimeToNextRoundTick":2.27777934,"IsBrainActive":true,"VisionRangeMetersOverride":0.0,"CachedPerceptionRoll":0,"IsHiddenBecauseDead":false,"IsDetached":false,"GiveExperienceOnDeath":true,"UniqueId":"39028b16-177e-4717-9439-92ba2c5bfbf3","ShouldBeDestroyed":false,"ShouldFadeOutViewAndDestroy":false}],"HasEntityData":true},"SummonPoolsManager":{"$id":"462","PersistentSummonPools":[{"$id":"463","m_Blueprint":"875fa60ac95a1b449a421d8dbe68e467","m_Units":[{"m_UniqueId":"39028b16-177e-4717-9439-92ba2c5bfbf3"}]}]},"ServiceCaster":{"m_UniqueId":null},"Encounter":null}