{"$id":"1","m_Area":{"$id":"2","m_Parts":{"$id":"3","m_Facts":[{"$id":"4","Blueprint":"ae618b1c2cf222c4ca58cd0c372eb66c","m_ComponentsData":[],"Initialized":true,"Active":false,"SourceItem":null,"SourceCutscene":null},{"$id":"5","Blueprint":"437404a8b51f9f34ab793bf7c6b20363","m_ComponentsData":[],"Initialized":true,"Active":false,"SourceItem":null,"SourceCutscene":null}],"ActiveByDefault":false},"Blueprint":"76f2987ea128d624490e3dfa56ec8a47","m_ComponentsData":[{"$id":"6","ComponentName":"$ActivateTrigger$54655e2e-4bff-4cc4-a873-7f5501457624","m_AlreadyTriggered":true},{"$id":"7","ComponentName":"$ActivateTrigger$28051e84-4e9f-42d5-b0c3-89c9889eed5a","m_AlreadyTriggered":true},{"$id":"8","ComponentName":"$ActivateTrigger$0df70f84-cb0f-4463-9e71-871727bc89bf","m_AlreadyTriggered":false},{"$id":"9","ComponentName":"$ActivateTrigger$05256b3b-8c8b-4045-84fe-1d87f17c1a57","m_AlreadyTriggered":false},{"$id":"10","ComponentName":"$ActivateTrigger$c92c2e0f-0c6c-4b97-908b-87840bb2ebf5","m_AlreadyTriggered":false},{"$id":"11","ComponentName":"$ActivateTrigger$d34c26eb-8478-4944-8e08-88fc6db05029","m_AlreadyTriggered":true},{"$id":"12","ComponentName":"$ActivateTrigger$08add2fa-687b-476d-9f41-d5bd57799c12","m_AlreadyTriggered":false},{"$id":"13","ComponentName":"$ActivateTrigger$83ed3fa3-9250-4fce-b114-93fafeaa8702","m_AlreadyTriggered":false},{"$id":"14","ComponentName":"$ActivateTrigger$ce88eff9-2f11-4817-affb-ea7b8aed3ce8","m_AlreadyTriggered":false}],"Initialized":true,"Active":false,"SourceItem":null,"SourceCutscene":null},"m_MainState":{"$id":"15","BitexSave":false,"m_NeedEnchantmentsFix":false,"SceneName":"Globalmap","m_EntityData":[{"$id":"16","$type":"Kingmaker.EntitySystem.Entities.MapObjectEntityData, Assembly-CSharp","m_ComponentsData":null,"LastPerceptionRollRank":[],"FreeformData":{"m_Data":[]},"m_IsInGame":true,"m_IsRevealed":false,"WasHighlightedOnReveal":true,"IsPerceptionCheckPassed":true,"UniqueId":"88e50e89-764b-4494-8b2c-671295ebeec8","ShouldBeDestroyed":false,"ShouldFadeOutViewAndDestroy":false},{"$id":"17","$type":"Kingmaker.EntitySystem.Entities.MapObjectEntityData, Assembly-CSharp","m_ComponentsData":null,"LastPerceptionRollRank":[],"FreeformData":{"m_Data":[]},"m_IsInGame":false,"m_IsRevealed":false,"WasHighlightedOnReveal":true,"IsPerceptionCheckPassed":true,"UniqueId":"1039499e-c53f-45a1-b7d1-2a16e0700fd1","ShouldBeDestroyed":false,"ShouldFadeOutViewAndDestroy":false}],"HasEntityData":true},"SummonPoolsManager":{"$id":"18","PersistentSummonPools":[]},"ServiceCaster":{"m_UniqueId":null},"Encounter":null}