{"$id":"1","BitexSave":false,"m_NeedEnchantmentsFix":false,"SceneName":"Capital_Mechanics","m_EntityData":[{"$id":"2","$type":"Kingmaker.EntitySystem.Entities.MapObjectEntityData, Assembly-CSharp","m_ComponentsData":null,"LastPerceptionRollRank":[],"FreeformData":{"m_Data":[]},"m_IsInGame":true,"m_IsRevealed":false,"WasHighlightedOnReveal":true,"IsPerceptionCheckPassed":true,"UniqueId":"fed53054-6f16-4b42-be0c-648a476f1d58","ShouldBeDestroyed":false,"ShouldFadeOutViewAndDestroy":false},{"$id":"3","$type":"Kingmaker.EntitySystem.Entities.MapObjectEntityData, Assembly-CSharp","m_ComponentsData":null,"LastPerceptionRollRank":[],"FreeformData":{"m_Data":[]},"m_IsInGame":true,"m_IsRevealed":false,"WasHighlightedOnReveal":true,"IsPerceptionCheckPassed":true,"UniqueId":"d2ca8d87-edb6-4726-aaa5-00c5acc52307","ShouldBeDestroyed":false,"ShouldFadeOutViewAndDestroy":false},{"$id":"4","$type":"Kingmaker.EntitySystem.Entities.MapObjectEntityData, Assembly-CSharp","m_ComponentsData":null,"LastPerceptionRollRank":[],"FreeformData":{"m_Data":[]},"m_IsInGame":true,"m_IsRevealed":false,"WasHighlightedOnReveal":true,"IsPerceptionCheckPassed":true,"UniqueId":"588cb9f2-8214-47ae-a737-f1f88523d9c2","ShouldBeDestroyed":false,"ShouldFadeOutViewAndDestroy":false},{"$id":"5","$type":"Kingmaker.EntitySystem.Entities.MapObjectEntityData, Assembly-CSharp","m_ComponentsData":null,"LastPerceptionRollRank":[],"FreeformData":{"m_Data":[]},"m_IsInGame":true,"m_IsRevealed":false,"WasHighlightedOnReveal":true,"IsPerceptionCheckPassed":true,"UniqueId":"dccb5504-703a-4c95-bddf-d42578244856","ShouldBeDestroyed":false,"ShouldFadeOutViewAndDestroy":false},{"$id":"6","$type":"Kingmaker.EntitySystem.Entities.MapObjectEntityData, Assembly-CSharp","m_ComponentsData":null,"LastPerceptionRollRank":[],"FreeformData":{"m_Data":[]},"m_IsInGame":true,"m_IsRevealed":false,"WasHighlightedOnReveal":true,"IsPerceptionCheckPassed":true,"UniqueId":"3b2ed152-456a-4604-ad3b-2c415aa0e105","ShouldBeDestroyed":false,"ShouldFadeOutViewAndDestroy":false},{"$id":"7","$type":"Kingmaker.EntitySystem.Entities.MapObjectEntityData, Assembly-CSharp","m_ComponentsData":null,"LastPerceptionRollRank":[],"FreeformData":{"m_Data":[]},"m_IsInGame":true,"m_IsRevealed":false,"WasHighlightedOnReveal":true,"IsPerceptionCheckPassed":true,"UniqueId":"4b36b5c5-8310-4730-a59f-f40db50846cd","ShouldBeDestroyed":false,"ShouldFadeOutViewAndDestroy":false},{"$id":"8","$type":"Kingmaker.EntitySystem.Entities.MapObjectEntityData, Assembly-CSharp","m_ComponentsData":null,"LastPerceptionRollRank":[],"FreeformData":{"m_Data":[]},"m_IsInGame":true,"m_IsRevealed":false,"WasHighlightedOnReveal":true,"IsPerceptionCheckPassed":true,"UniqueId":"36c4a99d-37cd-4c72-81ab-3e606000e706","ShouldBeDestroyed":false,"ShouldFadeOutViewAndDestroy":false},{"$id":"9","$type":"Kingmaker.EntitySystem.Entities.MapObjectEntityData, Assembly-CSharp","m_ComponentsData":null,"LastPerceptionRollRank":[],"FreeformData":{"m_Data":[]},"m_IsInGame":true,"m_IsRevealed":false,"WasHighlightedOnReveal":true,"IsPerceptionCheckPassed":true,"UniqueId":"381abbb5-f6ee-4760-90c2-421383459095","ShouldBeDestroyed":false,"ShouldFadeOutViewAndDestroy":false},{"$id":"10","$type":"Kingmaker.EntitySystem.Entities.MapObjectEntityData, Assembly-CSharp","m_ComponentsData":null,"LastPerceptionRollRank":[],"FreeformData":{"m_Data":[]},"m_IsInGame":true,"m_IsRevealed":false,"WasHighlightedOnReveal":true,"IsPerceptionCheckPassed":true,"UniqueId":"a3500cbc-c40a-42f8-810b-1f7aef6f1870","ShouldBeDestroyed":false,"ShouldFadeOutViewAndDestroy":false},{"$id":"11","$type":"Kingmaker.EntitySystem.Entities.MapObjectEntityData, Assembly-CSharp","m_ComponentsData":null,"LastPerceptionRollRank":[],"FreeformData":{"m_Data":[]},"m_IsInGame":true,"m_IsRevealed":false,"WasHighlightedOnReveal":true,"IsPerceptionCheckPassed":true,"UniqueId":"103a1d6f-25aa-4c3a-a183-e92e56bd032d","ShouldBeDestroyed":false,"ShouldFadeOutViewAndDestroy":false},{"$id":"12","$type":"Kingmaker.EntitySystem.Entities.MapObjectEntityData, Assembly-CSharp","m_ComponentsData":null,"LastPerceptionRollRank":[],"FreeformData":{"m_Data":[]},"m_IsInGame":true,"m_IsRevealed":false,"WasHighlightedOnReveal":true,"IsPerceptionCheckPassed":true,"UniqueId":"a7159041-f3c2-4611-8b5d-4ebdfd121678","ShouldBeDestroyed":false,"ShouldFadeOutViewAndDestroy":false},{"$id":"13","$type":"Kingmaker.EntitySystem.Entities.MapObjectEntityData, Assembly-CSharp","m_ComponentsData":null,"LastPerceptionRollRank":[],"FreeformData":{"m_Data":[]},"m_IsInGame":true,"m_IsRevealed":false,"WasHighlightedOnReveal":true,"IsPerceptionCheckPassed":true,"UniqueId":"5fa419c1-de03-47a9-81ff-8777db65d18f","ShouldBeDestroyed":false,"ShouldFadeOutViewAndDestroy":false},{"$id":"14","$type":"Kingmaker.EntitySystem.Entities.MapObjectEntityData, Assembly-CSharp","m_ComponentsData":null,"LastPerceptionRollRank":[],"FreeformData":{"m_Data":[]},"m_IsInGame":true,"m_IsRevealed":false,"WasHighlightedOnReveal":true,"IsPerceptionCheckPassed":true,"UniqueId":"f9024bb9-f0ca-4327-a99a-90962101b823","ShouldBeDestroyed":false,"ShouldFadeOutViewAndDestroy":false},{"$id":"15","$type":"Kingmaker.EntitySystem.Entities.MapObjectEntityData, Assembly-CSharp","m_ComponentsData":null,"LastPerceptionRollRank":[],"FreeformData":{"m_Data":[]},"m_IsInGame":true,"m_IsRevealed":false,"WasHighlightedOnReveal":true,"IsPerceptionCheckPassed":true,"UniqueId":"78e96361-83ea-4f1d-ab7c-d07ff25d4be1","ShouldBeDestroyed":false,"ShouldFadeOutViewAndDestroy":false},{"$id":"16","$type":"Kingmaker.EntitySystem.Entities.MapObjectEntityData, Assembly-CSharp","m_ComponentsData":null,"LastPerceptionRollRank":[],"FreeformData":{"m_Data":[]},"m_IsInGame":true,"m_IsRevealed":false,"WasHighlightedOnReveal":true,"IsPerceptionCheckPassed":true,"UniqueId":"bcb3a172-98f7-4e43-b500-85d965e5ddb0","ShouldBeDestroyed":false,"ShouldFadeOutViewAndDestroy":false},{"$id":"17","$type":"Kingmaker.EntitySystem.Entities.MapObjectEntityData, Assembly-CSharp","m_ComponentsData":null,"LastPerceptionRollRank":[],"FreeformData":{"m_Data":[]},"m_IsInGame":true,"m_IsRevealed":false,"WasHighlightedOnReveal":true,"IsPerceptionCheckPassed":true,"UniqueId":"4b49438f-9720-4fd4-a11d-4e64b1a98e7a","ShouldBeDestroyed":false,"ShouldFadeOutViewAndDestroy":false},{"$id":"18","$type":"Kingmaker.EntitySystem.Entities.MapObjectEntityData, Assembly-CSharp","m_ComponentsData":null,"LastPerceptionRollRank":[],"FreeformData":{"m_Data":[]},"m_IsInGame":true,"m_IsRevealed":false,"WasHighlightedOnReveal":true,"IsPerceptionCheckPassed":true,"UniqueId":"cb140da5-b0cf-440f-8f32-eb989a550ee5","ShouldBeDestroyed":false,"ShouldFadeOutViewAndDestroy":false},{"$id":"19","$type":"Kingmaker.EntitySystem.Entities.MapObjectEntityData, Assembly-CSharp","m_ComponentsData":null,"LastPerceptionRollRank":[],"FreeformData":{"m_Data":[]},"m_IsInGame":true,"m_IsRevealed":false,"WasHighlightedOnReveal":true,"IsPerceptionCheckPassed":true,"UniqueId":"8c18e481-0e37-4525-b8a7-d45c27e9feda","ShouldBeDestroyed":false,"ShouldFadeOutViewAndDestroy":false},{"$id":"20","$type":"Kingmaker.EntitySystem.Entities.MapObjectEntityData, Assembly-CSharp","m_ComponentsData":null,"LastPerceptionRollRank":[],"FreeformData":{"m_Data":[]},"m_IsInGame":true,"m_IsRevealed":false,"WasHighlightedOnReveal":true,"IsPerceptionCheckPassed":true,"UniqueId":"fcae4441-5b7d-4184-b143-99333c0e61ba","ShouldBeDestroyed":false,"ShouldFadeOutViewAndDestroy":false},{"$id":"21","$type":"Kingmaker.EntitySystem.Entities.MapObjectEntityData, Assembly-CSharp","m_ComponentsData":null,"LastPerceptionRollRank":[],"FreeformData":{"m_Data":[]},"m_IsInGame":true,"m_IsRevealed":false,"WasHighlightedOnReveal":true,"IsPerceptionCheckPassed":true,"UniqueId":"401a032f-c4b3-4435-a534-c16115b99a3c","ShouldBeDestroyed":false,"ShouldFadeOutViewAndDestroy":false},{"$id":"22","$type":"Kingmaker.EntitySystem.Entities.MapObjectEntityData, Assembly-CSharp","m_ComponentsData":null,"LastPerceptionRollRank":[],"FreeformData":{"m_Data":[]},"m_IsInGame":true,"m_IsRevealed":false,"WasHighlightedOnReveal":true,"IsPerceptionCheckPassed":true,"UniqueId":"dad9f484-4c00-4a6e-b28f-58a42d1d1f17","ShouldBeDestroyed":false,"ShouldFadeOutViewAndDestroy":false},{"$id":"23","$type":"Kingmaker.EntitySystem.Entities.MapObjectEntityData, Assembly-CSharp","m_ComponentsData":null,"LastPerceptionRollRank":[],"FreeformData":{"m_Data":[]},"m_IsInGame":true,"m_IsRevealed":false,"WasHighlightedOnReveal":true,"IsPerceptionCheckPassed":true,"UniqueId":"40f63ee0-5b27-40c0-8ef3-30e16436a997","ShouldBeDestroyed":false,"ShouldFadeOutViewAndDestroy":false},{"$id":"24","$type":"Kingmaker.EntitySystem.Entities.MapObjectEntityData, Assembly-CSharp","m_ComponentsData":null,"LastPerceptionRollRank":[],"FreeformData":{"m_Data":[]},"m_IsInGame":true,"m_IsRevealed":false,"WasHighlightedOnReveal":true,"IsPerceptionCheckPassed":true,"UniqueId":"32eb381c-b34b-448a-a2e7-7d5ff8dd66e5","ShouldBeDestroyed":false,"ShouldFadeOutViewAndDestroy":false},{"$id":"25","$type":"Kingmaker.EntitySystem.Entities.MapObjectEntityData, Assembly-CSharp","m_ComponentsData":null,"LastPerceptionRollRank":[],"FreeformData":{"m_Data":[]},"m_IsInGame":true,"m_IsRevealed":false,"WasHighlightedOnReveal":true,"IsPerceptionCheckPassed":true,"UniqueId":"82640244-1d61-4a1e-9e64-23c324bed25b","ShouldBeDestroyed":false,"ShouldFadeOutViewAndDestroy":false},{"$id":"26","$type":"Kingmaker.EntitySystem.Entities.MapObjectEntityData, Assembly-CSharp","m_ComponentsData":null,"LastPerceptionRollRank":[],"FreeformData":{"m_Data":[]},"m_IsInGame":true,"m_IsRevealed":false,"WasHighlightedOnReveal":true,"IsPerceptionCheckPassed":true,"UniqueId":"3e785321-69fb-4058-bb91-7470282e9e48","ShouldBeDestroyed":false,"ShouldFadeOutViewAndDestroy":false},{"$id":"27","$type":"Kingmaker.EntitySystem.Entities.MapObjectEntityData, Assembly-CSharp","m_ComponentsData":null,"LastPerceptionRollRank":[],"FreeformData":{"m_Data":[]},"m_IsInGame":true,"m_IsRevealed":false,"WasHighlightedOnReveal":true,"IsPerceptionCheckPassed":true,"UniqueId":"03ab7d8c-2076-4cff-bf96-f0d0a8b80ae5","ShouldBeDestroyed":false,"ShouldFadeOutViewAndDestroy":false},{"$id":"28","$type":"Kingmaker.EntitySystem.Entities.MapObjectEntityData, Assembly-CSharp","m_ComponentsData":null,"LastPerceptionRollRank":[],"FreeformData":{"m_Data":[]},"m_IsInGame":true,"m_IsRevealed":false,"WasHighlightedOnReveal":true,"IsPerceptionCheckPassed":true,"UniqueId":"b539d759-5c0e-4e88-b461-843611355c16","ShouldBeDestroyed":false,"ShouldFadeOutViewAndDestroy":false},{"$id":"29","$type":"Kingmaker.EntitySystem.Entities.MapObjectEntityData, Assembly-CSharp","m_ComponentsData":null,"LastPerceptionRollRank":[],"FreeformData":{"m_Data":[]},"m_IsInGame":true,"m_IsRevealed":false,"WasHighlightedOnReveal":true,"IsPerceptionCheckPassed":true,"UniqueId":"35c1fa62-c3e8-47e2-89cf-09b91226ba4c","ShouldBeDestroyed":false,"ShouldFadeOutViewAndDestroy":false},{"$id":"30","$type":"Kingmaker.EntitySystem.Entities.MapObjectEntityData, Assembly-CSharp","m_ComponentsData":null,"LastPerceptionRollRank":[],"FreeformData":{"m_Data":[]},"m_IsInGame":true,"m_IsRevealed":false,"WasHighlightedOnReveal":true,"IsPerceptionCheckPassed":true,"UniqueId":"0e39aa1f-238a-4b2d-b1d1-3783e03513f3","ShouldBeDestroyed":false,"ShouldFadeOutViewAndDestroy":false},{"$id":"31","$type":"Kingmaker.EntitySystem.Entities.MapObjectEntityData, Assembly-CSharp","m_ComponentsData":null,"LastPerceptionRollRank":[],"FreeformData":{"m_Data":[]},"m_IsInGame":true,"m_IsRevealed":false,"WasHighlightedOnReveal":true,"IsPerceptionCheckPassed":true,"UniqueId":"8b8f2957-e8b1-4bb8-bb2a-a9f3e8f98de9","ShouldBeDestroyed":false,"ShouldFadeOutViewAndDestroy":false},{"$id":"32","$type":"Kingmaker.EntitySystem.Entities.MapObjectEntityData, Assembly-CSharp","m_ComponentsData":null,"LastPerceptionRollRank":[],"FreeformData":{"m_Data":[]},"m_IsInGame":true,"m_IsRevealed":false,"WasHighlightedOnReveal":true,"IsPerceptionCheckPassed":true,"UniqueId":"6bae9733-645a-4982-819d-0c1a3d96cac9","ShouldBeDestroyed":false,"ShouldFadeOutViewAndDestroy":false},{"$id":"33","$type":"Kingmaker.EntitySystem.Entities.MapObjectEntityData, Assembly-CSharp","m_ComponentsData":null,"LastPerceptionRollRank":[],"FreeformData":{"m_Data":[]},"m_IsInGame":true,"m_IsRevealed":false,"WasHighlightedOnReveal":true,"IsPerceptionCheckPassed":true,"UniqueId":"6eab75bc-0be0-483c-9ff0-01a1651633fe","ShouldBeDestroyed":false,"ShouldFadeOutViewAndDestroy":false},{"$id":"34","$type":"Kingmaker.EntitySystem.Entities.MapObjectEntityData, Assembly-CSharp","m_ComponentsData":null,"LastPerceptionRollRank":[],"FreeformData":{"m_Data":[]},"m_IsInGame":true,"m_IsRevealed":false,"WasHighlightedOnReveal":true,"IsPerceptionCheckPassed":true,"UniqueId":"cfa9bced-8095-425d-903a-8e9cdc9355a9","ShouldBeDestroyed":false,"ShouldFadeOutViewAndDestroy":false},{"$id":"35","$type":"Kingmaker.EntitySystem.Entities.MapObjectEntityData, Assembly-CSharp","m_ComponentsData":null,"LastPerceptionRollRank":[],"FreeformData":{"m_Data":[]},"m_IsInGame":true,"m_IsRevealed":false,"WasHighlightedOnReveal":true,"IsPerceptionCheckPassed":true,"UniqueId":"4cc01b9a-b720-420c-94fd-4788a7f7ba39","ShouldBeDestroyed":false,"ShouldFadeOutViewAndDestroy":false},{"$id":"36","$type":"Kingmaker.EntitySystem.Entities.MapObjectEntityData, Assembly-CSharp","m_ComponentsData":null,"LastPerceptionRollRank":[],"FreeformData":{"m_Data":[]},"m_IsInGame":true,"m_IsRevealed":false,"WasHighlightedOnReveal":true,"IsPerceptionCheckPassed":true,"UniqueId":"edc1521d-b603-4d84-a95e-f3780b3351b3","ShouldBeDestroyed":false,"ShouldFadeOutViewAndDestroy":false},{"$id":"37","$type":"Kingmaker.EntitySystem.Entities.MapObjectEntityData, Assembly-CSharp","m_ComponentsData":null,"LastPerceptionRollRank":[],"FreeformData":{"m_Data":[]},"m_IsInGame":true,"m_IsRevealed":false,"WasHighlightedOnReveal":true,"IsPerceptionCheckPassed":true,"UniqueId":"eac0147f-2df2-457c-8368-62c9dc960267","ShouldBeDestroyed":false,"ShouldFadeOutViewAndDestroy":false},{"$id":"38","$type":"Kingmaker.EntitySystem.Entities.MapObjectEntityData, Assembly-CSharp","m_ComponentsData":null,"LastPerceptionRollRank":[],"FreeformData":{"m_Data":[]},"m_IsInGame":true,"m_IsRevealed":false,"WasHighlightedOnReveal":true,"IsPerceptionCheckPassed":true,"UniqueId":"95a6e98a-921e-4b91-b02b-36d0e9baa266","ShouldBeDestroyed":false,"ShouldFadeOutViewAndDestroy":false},{"$id":"39","$type":"Kingmaker.EntitySystem.Entities.MapObjectEntityData, Assembly-CSharp","m_ComponentsData":null,"LastPerceptionRollRank":[],"FreeformData":{"m_Data":[]},"m_IsInGame":true,"m_IsRevealed":false,"WasHighlightedOnReveal":true,"IsPerceptionCheckPassed":true,"UniqueId":"5be7dfc4-b17f-4987-bee3-c5e9558be3d5","ShouldBeDestroyed":false,"ShouldFadeOutViewAndDestroy":false},{"$id":"40","$type":"Kingmaker.EntitySystem.Entities.MapObjectEntityData, Assembly-CSharp","m_ComponentsData":null,"LastPerceptionRollRank":[],"FreeformData":{"m_Data":[]},"m_IsInGame":true,"m_IsRevealed":false,"WasHighlightedOnReveal":true,"IsPerceptionCheckPassed":true,"UniqueId":"80f7444d-acc3-4c9f-818c-0b8d32d05b83","ShouldBeDestroyed":false,"ShouldFadeOutViewAndDestroy":false},{"$id":"41","$type":"Kingmaker.EntitySystem.Entities.MapObjectEntityData, Assembly-CSharp","m_ComponentsData":null,"LastPerceptionRollRank":[],"FreeformData":{"m_Data":[]},"m_IsInGame":true,"m_IsRevealed":false,"WasHighlightedOnReveal":true,"IsPerceptionCheckPassed":true,"UniqueId":"ecd951f5-03f3-4121-b91f-a2e709e76043","ShouldBeDestroyed":false,"ShouldFadeOutViewAndDestroy":false},{"$id":"42","$type":"Kingmaker.EntitySystem.Entities.MapObjectEntityData, Assembly-CSharp","m_ComponentsData":null,"LastPerceptionRollRank":[],"FreeformData":{"m_Data":[]},"m_IsInGame":true,"m_IsRevealed":false,"WasHighlightedOnReveal":true,"IsPerceptionCheckPassed":true,"UniqueId":"6b9c8581-1338-4d4c-84b8-15be90adaa9b","ShouldBeDestroyed":false,"ShouldFadeOutViewAndDestroy":false},{"$id":"43","$type":"Kingmaker.EntitySystem.Entities.MapObjectEntityData, Assembly-CSharp","m_ComponentsData":null,"LastPerceptionRollRank":[],"FreeformData":{"m_Data":[]},"m_IsInGame":true,"m_IsRevealed":false,"WasHighlightedOnReveal":true,"IsPerceptionCheckPassed":true,"UniqueId":"ec42a64f-e078-4ca2-bca0-fd8602f137b8","ShouldBeDestroyed":false,"ShouldFadeOutViewAndDestroy":false},{"$id":"44","$type":"Kingmaker.EntitySystem.Entities.MapObjectEntityData, Assembly-CSharp","m_ComponentsData":null,"LastPerceptionRollRank":[],"FreeformData":{"m_Data":[]},"m_IsInGame":true,"m_IsRevealed":false,"WasHighlightedOnReveal":true,"IsPerceptionCheckPassed":true,"UniqueId":"87e60dd5-3136-4f3e-bdf0-35129935a746","ShouldBeDestroyed":false,"ShouldFadeOutViewAndDestroy":false}],"HasEntityData":true}