{"$id":"1","BitexSave":false,"m_NeedEnchantmentsFix":false,"SceneName":"Pitax_Mechanics","m_EntityData":[{"$id":"2","$type":"Kingmaker.EntitySystem.Entities.MapObjectEntityData, Assembly-CSharp","m_ComponentsData":null,"LastPerceptionRollRank":[],"FreeformData":{"m_Data":[]},"m_IsInGame":true,"m_IsRevealed":false,"WasHighlightedOnReveal":true,"IsPerceptionCheckPassed":true,"UniqueId":"1ef66456-94ab-49c6-83e3-113207963f29","ShouldBeDestroyed":false,"ShouldFadeOutViewAndDestroy":false},{"$id":"3","$type":"Kingmaker.EntitySystem.Entities.MapObjectEntityData, Assembly-CSharp","m_ComponentsData":null,"LastPerceptionRollRank":[],"FreeformData":{"m_Data":[]},"m_IsInGame":true,"m_IsRevealed":false,"WasHighlightedOnReveal":true,"IsPerceptionCheckPassed":true,"UniqueId":"bbfad425-4aff-40a4-889d-85134df894fe","ShouldBeDestroyed":false,"ShouldFadeOutViewAndDestroy":false},{"$id":"4","$type":"Kingmaker.EntitySystem.Entities.MapObjectEntityData, Assembly-CSharp","m_ComponentsData":null,"LastPerceptionRollRank":[],"FreeformData":{"m_Data":[]},"m_IsInGame":true,"m_IsRevealed":false,"WasHighlightedOnReveal":true,"IsPerceptionCheckPassed":true,"UniqueId":"be58fd2e-4cc8-4d45-86e0-b35ef0f47341","ShouldBeDestroyed":false,"ShouldFadeOutViewAndDestroy":false},{"$id":"5","$type":"Kingmaker.EntitySystem.Entities.MapObjectEntityData, Assembly-CSharp","m_ComponentsData":null,"LastPerceptionRollRank":[],"FreeformData":{"m_Data":[]},"m_IsInGame":true,"m_IsRevealed":false,"WasHighlightedOnReveal":true,"IsPerceptionCheckPassed":true,"UniqueId":"9d6b248b-8dce-4b74-b4da-19a9dffcd6d5","ShouldBeDestroyed":false,"ShouldFadeOutViewAndDestroy":false},{"$id":"6","$type":"Kingmaker.EntitySystem.Entities.MapObjectEntityData, Assembly-CSharp","m_ComponentsData":null,"LastPerceptionRollRank":[],"FreeformData":{"m_Data":[]},"m_IsInGame":true,"m_IsRevealed":false,"WasHighlightedOnReveal":true,"IsPerceptionCheckPassed":true,"UniqueId":"4b90ddfe-0253-4abc-bd75-02070f8536a2","ShouldBeDestroyed":false,"ShouldFadeOutViewAndDestroy":false},{"$id":"7","$type":"Kingmaker.EntitySystem.Entities.MapObjectEntityData, Assembly-CSharp","m_ComponentsData":null,"LastPerceptionRollRank":[],"FreeformData":{"m_Data":[]},"m_IsInGame":true,"m_IsRevealed":false,"WasHighlightedOnReveal":true,"IsPerceptionCheckPassed":true,"UniqueId":"016a9b20-fa49-4957-810e-03fe65b1d99a","ShouldBeDestroyed":false,"ShouldFadeOutViewAndDestroy":false},{"$id":"8","$type":"Kingmaker.EntitySystem.Entities.MapObjectEntityData, Assembly-CSharp","m_ComponentsData":null,"LastPerceptionRollRank":[],"FreeformData":{"m_Data":[]},"m_IsInGame":true,"m_IsRevealed":false,"WasHighlightedOnReveal":true,"IsPerceptionCheckPassed":true,"UniqueId":"6960b485-6c7e-44d5-b2c5-0cab5dc3ccd5","ShouldBeDestroyed":false,"ShouldFadeOutViewAndDestroy":false},{"$id":"9","$type":"Kingmaker.EntitySystem.Entities.MapObjectEntityData, Assembly-CSharp","m_ComponentsData":null,"LastPerceptionRollRank":[],"FreeformData":{"m_Data":[]},"m_IsInGame":true,"m_IsRevealed":false,"WasHighlightedOnReveal":true,"IsPerceptionCheckPassed":true,"UniqueId":"278f709b-5fa2-4dbd-9edd-da6235b51725","ShouldBeDestroyed":false,"ShouldFadeOutViewAndDestroy":false},{"$id":"10","$type":"Kingmaker.EntitySystem.Entities.MapObjectEntityData, Assembly-CSharp","m_ComponentsData":null,"LastPerceptionRollRank":[],"FreeformData":{"m_Data":[]},"m_IsInGame":true,"m_IsRevealed":false,"WasHighlightedOnReveal":true,"IsPerceptionCheckPassed":true,"UniqueId":"95942482-16e6-4615-bbe6-7a390b446e1a","ShouldBeDestroyed":false,"ShouldFadeOutViewAndDestroy":false},{"$id":"11","$type":"Kingmaker.EntitySystem.Entities.MapObjectEntityData, Assembly-CSharp","m_ComponentsData":null,"LastPerceptionRollRank":[],"FreeformData":{"m_Data":[]},"m_IsInGame":true,"m_IsRevealed":false,"WasHighlightedOnReveal":true,"IsPerceptionCheckPassed":true,"UniqueId":"64db465f-f7e0-436e-9d3c-68236683bcc8","ShouldBeDestroyed":false,"ShouldFadeOutViewAndDestroy":false},{"$id":"12","$type":"Kingmaker.EntitySystem.Entities.MapObjectEntityData, Assembly-CSharp","m_ComponentsData":null,"LastPerceptionRollRank":[],"FreeformData":{"m_Data":[]},"m_IsInGame":true,"m_IsRevealed":false,"WasHighlightedOnReveal":true,"IsPerceptionCheckPassed":true,"UniqueId":"ae38856b-b125-461d-9cc7-04be5e565fcf","ShouldBeDestroyed":false,"ShouldFadeOutViewAndDestroy":false},{"$id":"13","$type":"Kingmaker.EntitySystem.Entities.MapObjectEntityData, Assembly-CSharp","m_ComponentsData":null,"LastPerceptionRollRank":[],"FreeformData":{"m_Data":[]},"m_IsInGame":true,"m_IsRevealed":false,"WasHighlightedOnReveal":true,"IsPerceptionCheckPassed":true,"UniqueId":"5b419f08-93be-4206-b5a4-8cc9541e7959","ShouldBeDestroyed":false,"ShouldFadeOutViewAndDestroy":false},{"$id":"14","$type":"Kingmaker.EntitySystem.Entities.MapObjectEntityData, Assembly-CSharp","m_ComponentsData":null,"LastPerceptionRollRank":[],"FreeformData":{"m_Data":[]},"m_IsInGame":true,"m_IsRevealed":false,"WasHighlightedOnReveal":true,"IsPerceptionCheckPassed":true,"UniqueId":"1303afb6-0290-418d-86da-c31b93da9576","ShouldBeDestroyed":false,"ShouldFadeOutViewAndDestroy":false},{"$id":"15","$type":"Kingmaker.EntitySystem.Entities.MapObjectEntityData, Assembly-CSharp","m_ComponentsData":null,"LastPerceptionRollRank":[],"FreeformData":{"m_Data":[]},"m_IsInGame":true,"m_IsRevealed":false,"WasHighlightedOnReveal":true,"IsPerceptionCheckPassed":true,"UniqueId":"e10ddcb6-7230-4539-906b-79e8ada6b17b","ShouldBeDestroyed":false,"ShouldFadeOutViewAndDestroy":false},{"$id":"16","$type":"Kingmaker.EntitySystem.Entities.MapObjectEntityData, Assembly-CSharp","m_ComponentsData":null,"LastPerceptionRollRank":[],"FreeformData":{"m_Data":[]},"m_IsInGame":true,"m_IsRevealed":false,"WasHighlightedOnReveal":true,"IsPerceptionCheckPassed":true,"UniqueId":"4abead3e-a925-4180-acb7-b00fccf7c2d6","ShouldBeDestroyed":false,"ShouldFadeOutViewAndDestroy":false},{"$id":"17","$type":"Kingmaker.EntitySystem.Entities.MapObjectEntityData, Assembly-CSharp","m_ComponentsData":null,"LastPerceptionRollRank":[],"FreeformData":{"m_Data":[]},"m_IsInGame":true,"m_IsRevealed":false,"WasHighlightedOnReveal":true,"IsPerceptionCheckPassed":true,"UniqueId":"86486e89-9dad-46ba-ab99-58c07a8b94d3","ShouldBeDestroyed":false,"ShouldFadeOutViewAndDestroy":false},{"$id":"18","$type":"Kingmaker.EntitySystem.Entities.MapObjectEntityData, Assembly-CSharp","m_ComponentsData":null,"LastPerceptionRollRank":[],"FreeformData":{"m_Data":[]},"m_IsInGame":true,"m_IsRevealed":false,"WasHighlightedOnReveal":true,"IsPerceptionCheckPassed":true,"UniqueId":"e33675cb-2f84-4d39-b300-1361b31fdd1d","ShouldBeDestroyed":false,"ShouldFadeOutViewAndDestroy":false},{"$id":"19","$type":"Kingmaker.EntitySystem.Entities.MapObjectEntityData, Assembly-CSharp","m_ComponentsData":null,"LastPerceptionRollRank":[],"FreeformData":{"m_Data":[]},"m_IsInGame":true,"m_IsRevealed":false,"WasHighlightedOnReveal":true,"IsPerceptionCheckPassed":true,"UniqueId":"f978b5bc-e64a-44ce-967f-5591b67d8f1e","ShouldBeDestroyed":false,"ShouldFadeOutViewAndDestroy":false},{"$id":"20","$type":"Kingmaker.EntitySystem.Entities.MapObjectEntityData, Assembly-CSharp","m_ComponentsData":null,"LastPerceptionRollRank":[],"FreeformData":{"m_Data":[]},"m_IsInGame":true,"m_IsRevealed":false,"WasHighlightedOnReveal":true,"IsPerceptionCheckPassed":true,"UniqueId":"dba5924e-e6d1-479f-9e86-b9ab5eea4ee0","ShouldBeDestroyed":false,"ShouldFadeOutViewAndDestroy":false},{"$id":"21","$type":"Kingmaker.EntitySystem.Entities.MapObjectEntityData, Assembly-CSharp","m_ComponentsData":null,"LastPerceptionRollRank":[],"FreeformData":{"m_Data":[]},"m_IsInGame":true,"m_IsRevealed":false,"WasHighlightedOnReveal":true,"IsPerceptionCheckPassed":true,"UniqueId":"020314f3-b4a1-4f6a-a34b-c0f0faa87f6c","ShouldBeDestroyed":false,"ShouldFadeOutViewAndDestroy":false},{"$id":"22","$type":"Kingmaker.EntitySystem.Entities.MapObjectEntityData, Assembly-CSharp","m_ComponentsData":null,"LastPerceptionRollRank":[],"FreeformData":{"m_Data":[]},"m_IsInGame":true,"m_IsRevealed":false,"WasHighlightedOnReveal":true,"IsPerceptionCheckPassed":true,"UniqueId":"80d74800-4cde-45af-8cb6-7897a2523e83","ShouldBeDestroyed":false,"ShouldFadeOutViewAndDestroy":false},{"$id":"23","$type":"Kingmaker.EntitySystem.Entities.MapObjectEntityData, Assembly-CSharp","m_ComponentsData":null,"LastPerceptionRollRank":[],"FreeformData":{"m_Data":[]},"m_IsInGame":true,"m_IsRevealed":false,"WasHighlightedOnReveal":true,"IsPerceptionCheckPassed":true,"UniqueId":"6f257c1f-e399-43be-850e-42817ee337d1","ShouldBeDestroyed":false,"ShouldFadeOutViewAndDestroy":false},{"$id":"24","$type":"Kingmaker.EntitySystem.Entities.MapObjectEntityData, Assembly-CSharp","m_ComponentsData":null,"LastPerceptionRollRank":[],"FreeformData":{"m_Data":[]},"m_IsInGame":true,"m_IsRevealed":false,"WasHighlightedOnReveal":true,"IsPerceptionCheckPassed":true,"UniqueId":"3edcc54c-a85b-4293-afba-4f40731d5474","ShouldBeDestroyed":false,"ShouldFadeOutViewAndDestroy":false},{"$id":"25","$type":"Kingmaker.EntitySystem.Entities.MapObjectEntityData, Assembly-CSharp","m_ComponentsData":null,"LastPerceptionRollRank":[],"FreeformData":{"m_Data":[]},"m_IsInGame":true,"m_IsRevealed":false,"WasHighlightedOnReveal":true,"IsPerceptionCheckPassed":true,"UniqueId":"19cb120d-8d33-4b7a-a420-44188bb93d9e","ShouldBeDestroyed":false,"ShouldFadeOutViewAndDestroy":false},{"$id":"26","$type":"Kingmaker.EntitySystem.Entities.MapObjectEntityData, Assembly-CSharp","m_ComponentsData":null,"LastPerceptionRollRank":[],"FreeformData":{"m_Data":[]},"m_IsInGame":true,"m_IsRevealed":false,"WasHighlightedOnReveal":true,"IsPerceptionCheckPassed":true,"UniqueId":"3e426be4-66a5-4e70-8df5-6f89d2bd6cbd","ShouldBeDestroyed":false,"ShouldFadeOutViewAndDestroy":false},{"$id":"27","$type":"Kingmaker.EntitySystem.Entities.MapObjectEntityData, Assembly-CSharp","m_ComponentsData":null,"LastPerceptionRollRank":[],"FreeformData":{"m_Data":[]},"m_IsInGame":true,"m_IsRevealed":false,"WasHighlightedOnReveal":true,"IsPerceptionCheckPassed":true,"UniqueId":"45976932-01c2-4f43-9cfe-2a4a02f40fef","ShouldBeDestroyed":false,"ShouldFadeOutViewAndDestroy":false},{"$id":"28","$type":"Kingmaker.EntitySystem.Entities.MapObjectEntityData, Assembly-CSharp","m_ComponentsData":null,"LastPerceptionRollRank":[],"FreeformData":{"m_Data":[]},"m_IsInGame":true,"m_IsRevealed":false,"WasHighlightedOnReveal":true,"IsPerceptionCheckPassed":true,"UniqueId":"ec59f2a8-d964-4091-be3a-fb60b942a300","ShouldBeDestroyed":false,"ShouldFadeOutViewAndDestroy":false},{"$id":"29","$type":"Kingmaker.EntitySystem.Entities.MapObjectEntityData, Assembly-CSharp","m_ComponentsData":null,"LastPerceptionRollRank":[],"FreeformData":{"m_Data":[]},"m_IsInGame":true,"m_IsRevealed":false,"WasHighlightedOnReveal":true,"IsPerceptionCheckPassed":true,"UniqueId":"2fdc50fd-1da8-4cdd-a4ef-904b7cf03190","ShouldBeDestroyed":false,"ShouldFadeOutViewAndDestroy":false},{"$id":"30","$type":"Kingmaker.EntitySystem.Entities.MapObjectEntityData, Assembly-CSharp","m_ComponentsData":null,"LastPerceptionRollRank":[],"FreeformData":{"m_Data":[]},"m_IsInGame":true,"m_IsRevealed":false,"WasHighlightedOnReveal":true,"IsPerceptionCheckPassed":true,"UniqueId":"5f12e2f2-606f-418e-bdf7-40df78020aec","ShouldBeDestroyed":false,"ShouldFadeOutViewAndDestroy":false},{"$id":"31","$type":"Kingmaker.EntitySystem.Entities.MapObjectEntityData, Assembly-CSharp","m_ComponentsData":null,"LastPerceptionRollRank":[],"FreeformData":{"m_Data":[]},"m_IsInGame":true,"m_IsRevealed":false,"WasHighlightedOnReveal":true,"IsPerceptionCheckPassed":true,"UniqueId":"eb1c4fb6-f1ea-41bb-8be3-9fe1471d7d9d","ShouldBeDestroyed":false,"ShouldFadeOutViewAndDestroy":false},{"$id":"32","$type":"Kingmaker.EntitySystem.Entities.MapObjectEntityData, Assembly-CSharp","m_ComponentsData":null,"LastPerceptionRollRank":[],"FreeformData":{"m_Data":[]},"m_IsInGame":true,"m_IsRevealed":false,"WasHighlightedOnReveal":true,"IsPerceptionCheckPassed":true,"UniqueId":"dbc8d13f-28c8-4c2c-bcc3-bfde97cc3e1c","ShouldBeDestroyed":false,"ShouldFadeOutViewAndDestroy":false},{"$id":"33","$type":"Kingmaker.EntitySystem.Entities.MapObjectEntityData, Assembly-CSharp","m_ComponentsData":null,"LastPerceptionRollRank":[],"FreeformData":{"m_Data":[]},"m_IsInGame":true,"m_IsRevealed":false,"WasHighlightedOnReveal":true,"IsPerceptionCheckPassed":true,"UniqueId":"7c963cef-f6f1-4ffa-b76f-b739b5fced11","ShouldBeDestroyed":false,"ShouldFadeOutViewAndDestroy":false},{"$id":"34","$type":"Kingmaker.EntitySystem.Entities.MapObjectEntityData, Assembly-CSharp","m_ComponentsData":null,"LastPerceptionRollRank":[],"FreeformData":{"m_Data":[]},"m_IsInGame":true,"m_IsRevealed":false,"WasHighlightedOnReveal":true,"IsPerceptionCheckPassed":true,"UniqueId":"fca19339-80f3-4991-927d-ffda363b9ded","ShouldBeDestroyed":false,"ShouldFadeOutViewAndDestroy":false},{"$id":"35","$type":"Kingmaker.EntitySystem.Entities.MapObjectEntityData, Assembly-CSharp","m_ComponentsData":null,"LastPerceptionRollRank":[],"FreeformData":{"m_Data":[]},"m_IsInGame":true,"m_IsRevealed":false,"WasHighlightedOnReveal":true,"IsPerceptionCheckPassed":true,"UniqueId":"e599009d-eb99-4571-b0c7-42bd8c9ddb38","ShouldBeDestroyed":false,"ShouldFadeOutViewAndDestroy":false},{"$id":"36","$type":"Kingmaker.EntitySystem.Entities.MapObjectEntityData, Assembly-CSharp","m_ComponentsData":null,"LastPerceptionRollRank":[],"FreeformData":{"m_Data":[]},"m_IsInGame":true,"m_IsRevealed":false,"WasHighlightedOnReveal":true,"IsPerceptionCheckPassed":true,"UniqueId":"0a3a0ff7-0cf0-44d0-83c4-452aa981128c","ShouldBeDestroyed":false,"ShouldFadeOutViewAndDestroy":false},{"$id":"37","$type":"Kingmaker.EntitySystem.Entities.MapObjectEntityData, Assembly-CSharp","m_ComponentsData":null,"LastPerceptionRollRank":[],"FreeformData":{"m_Data":[]},"m_IsInGame":true,"m_IsRevealed":false,"WasHighlightedOnReveal":true,"IsPerceptionCheckPassed":true,"UniqueId":"ab7a41be-3ca5-4c56-a4ee-cc62427fff22","ShouldBeDestroyed":false,"ShouldFadeOutViewAndDestroy":false},{"$id":"38","$type":"Kingmaker.EntitySystem.Entities.MapObjectEntityData, Assembly-CSharp","m_ComponentsData":null,"LastPerceptionRollRank":[],"FreeformData":{"m_Data":[]},"m_IsInGame":true,"m_IsRevealed":false,"WasHighlightedOnReveal":true,"IsPerceptionCheckPassed":true,"UniqueId":"67a26719-9d66-4bb6-8dda-c0b1a95a152c","ShouldBeDestroyed":false,"ShouldFadeOutViewAndDestroy":false},{"$id":"39","$type":"Kingmaker.EntitySystem.Entities.MapObjectEntityData, Assembly-CSharp","m_ComponentsData":null,"LastPerceptionRollRank":[],"FreeformData":{"m_Data":[]},"m_IsInGame":true,"m_IsRevealed":false,"WasHighlightedOnReveal":true,"IsPerceptionCheckPassed":true,"UniqueId":"0ed0d51d-2602-4342-af40-ee60094bcec3","ShouldBeDestroyed":false,"ShouldFadeOutViewAndDestroy":false},{"$id":"40","$type":"Kingmaker.EntitySystem.Entities.MapObjectEntityData, Assembly-CSharp","m_ComponentsData":null,"LastPerceptionRollRank":[],"FreeformData":{"m_Data":[]},"m_IsInGame":true,"m_IsRevealed":false,"WasHighlightedOnReveal":true,"IsPerceptionCheckPassed":true,"UniqueId":"a2c474df-2b0c-4818-9626-1ef0a3b5a1c7","ShouldBeDestroyed":false,"ShouldFadeOutViewAndDestroy":false},{"$id":"41","$type":"Kingmaker.EntitySystem.Entities.MapObjectEntityData, Assembly-CSharp","m_ComponentsData":null,"LastPerceptionRollRank":[],"FreeformData":{"m_Data":[]},"m_IsInGame":true,"m_IsRevealed":false,"WasHighlightedOnReveal":true,"IsPerceptionCheckPassed":true,"UniqueId":"738409ff-a0a3-42e9-94cf-c417830bafb5","ShouldBeDestroyed":false,"ShouldFadeOutViewAndDestroy":false},{"$id":"42","$type":"Kingmaker.EntitySystem.Entities.MapObjectEntityData, Assembly-CSharp","m_ComponentsData":null,"LastPerceptionRollRank":[],"FreeformData":{"m_Data":[]},"m_IsInGame":true,"m_IsRevealed":false,"WasHighlightedOnReveal":true,"IsPerceptionCheckPassed":true,"UniqueId":"ce7c3415-6f09-4e05-805f-d6aa54f42fa8","ShouldBeDestroyed":false,"ShouldFadeOutViewAndDestroy":false},{"$id":"43","$type":"Kingmaker.EntitySystem.Entities.MapObjectEntityData, Assembly-CSharp","m_ComponentsData":null,"LastPerceptionRollRank":[],"FreeformData":{"m_Data":[]},"m_IsInGame":true,"m_IsRevealed":false,"WasHighlightedOnReveal":true,"IsPerceptionCheckPassed":true,"UniqueId":"9cc4f59c-49c0-4cd0-be94-cdd685cb0bc6","ShouldBeDestroyed":false,"ShouldFadeOutViewAndDestroy":false},{"$id":"44","$type":"Kingmaker.EntitySystem.Entities.MapObjectEntityData, Assembly-CSharp","m_ComponentsData":null,"LastPerceptionRollRank":[],"FreeformData":{"m_Data":[]},"m_IsInGame":true,"m_IsRevealed":false,"WasHighlightedOnReveal":true,"IsPerceptionCheckPassed":true,"UniqueId":"fcbabd85-9a18-4ff9-91d0-1d87c9a6d5d1","ShouldBeDestroyed":false,"ShouldFadeOutViewAndDestroy":false}],"HasEntityData":true}