{"$id":"1","m_Area":{"$id":"2","m_Parts":{"$id":"3","m_Facts":[],"ActiveByDefault":false},"Blueprint":"81b13ce8765469045864ffb878b0944b","m_ComponentsData":[{"$id":"4","ComponentName":"$ActivateTrigger$a2349323-670a-4257-a17d-6ea73198f3f8","m_AlreadyTriggered":true},{"$id":"5","ComponentName":"$EvaluatedUnitCombatTrigger$b12e5005-553a-4213-8d74-e156b0a996e6"},{"$id":"6","ComponentName":"$SummonPoolTrigger$dc5cb35a-d268-482f-93c1-733ff82a7554"}],"Initialized":true,"Active":false,"SourceItem":null,"SourceCutscene":null},"m_MainState":{"$id":"7","BitexSave":false,"m_NeedEnchantmentsFix":false,"SceneName":"OldCyclopsTomb_MechanicsBase","m_EntityData":[{"$id":"8","$type":"Kingmaker.EntitySystem.Entities.MapObjectEntityData, Assembly-CSharp","m_ComponentsData":[{"$id":"9","ComponentTypeName":"AreaTransition","Data":{"$id":"10","$type":"Kingmaker.View.MapObjects.AreaTransition+AreaTransitionData, Assembly-CSharp","AlreadyUnlocked":true}},{"$id":"11","ComponentTypeName":"LocalMapMarker","Data":{"$id":"12","$type":"Kingmaker.View.MapObjects.LocalMapMarker+MapMarkerData, Assembly-CSharp","Hidden":false}}],"LastPerceptionRollRank":[],"FreeformData":{"m_Data":[]},"m_IsInGame":true,"m_IsRevealed":true,"WasHighlightedOnReveal":true,"IsPerceptionCheckPassed":true,"UniqueId":"b8e40c42-678f-4789-bb30-b2e86d3123ca","ShouldBeDestroyed":false,"ShouldFadeOutViewAndDestroy":false},{"$id":"13","$type":"Kingmaker.View.MapObjects.SriptZones.ScriptZone+ScriptZoneData, Assembly-CSharp","IsActive":true,"LastPerceptionRollRank":[],"FreeformData":{"m_Data":[]},"m_ComponentsData":null,"m_IsInGame":false,"m_IsRevealed":true,"WasHighlightedOnReveal":true,"IsPerceptionCheckPassed":true,"UniqueId":"b5aaf630-1847-42bf-9577-f9779b7f9b07","ShouldBeDestroyed":false,"ShouldFadeOutViewAndDestroy":false},{"$id":"14","$type":"Kingmaker.View.MapObjects.TrapObjectView+TrapObjectData, Assembly-CSharp","TrapActive":false,"Actor":{"$id":"15","m_GroupId":null,"m_SavedRagdoll":null,"m_AiEnabled":true,"m_Orientation":0.0,"HoldState":false,"Stealth":{"$id":"16","m_SpottedBy":[],"CachedRoll":0,"FullSpeed":false,"ShouldExitStealth":false,"WantEnterStealth":false,"LastNearEnemyTime":"00:00:00","NearEnemyPenalty":0.0,"ForceEnterStealth":false,"BecameInvisibleThisFrame":false,"InAmbush":false,"AmbushJoinCombatDistance":0.0},"m_AutoUseAbility":null,"SpawnPosition":{"$type":"UnityEngine.Vector3, UnityEngine.CoreModule, Version=0.0.0.0, Culture=neutral, PublicKeyToken=null","x":0.0,"y":0.0,"z":0.0},"Sleepless":false,"PreventDirectControl":{"$id":"17","m_Count":0},"m_IsDeathRevealed":false,"FreeformData":{"m_Data":[]},"m_IsInGame":false,"m_IsRevealed":false,"LastMoveTime":"00:00:00","Descriptor":{"$id":"18","m_Inventory":{"$id":"19","m_Items":[{"$id":"20","$type":"Kingmaker.Items.ItemEntityWeapon, Assembly-CSharp","Second":null,"m_Blueprint":"ad834fc7ac6ac2d4180e07f3f50d36e2","m_Count":1,"m_InventorySlotIndex":-1,"m_Enchantments":null,"m_FactsAppliedToWielder":[],"m_SkinningSuccessful":false,"m_IdentifyRolls":[],"ForceSecondary":false,"IsSecondPartOfDoubleWeapon":false,"IsShield":false,"Collection":{"$ref":"19"},"Wielder":{"$ref":"18"},"HoldingSlot":{"$id":"21","$type":"Kingmaker.Items.Slots.HandSlot, Assembly-CSharp","Owner":{"$ref":"18"},"Lock":{"$id":"22","m_Count":0},"m_Item":{"$ref":"20"},"m_DeactivateFlag":{"$id":"23","m_Count":0},"m_Active":true},"Time":"00:00:00","Ability":null,"ActivatableAbility":null,"Charges":0,"IsIdentified":true,"SellTime":null,"IsNonRemovable":false}],"Owner":{"$ref":"18"}},"m_Damage":0,"m_Spellbooks":[],"m_Parts":{"$id":"24","m_Parts":[{"Key":"Kingmaker.UnitLogic.Parts.UnitPartVisualChanges, Assembly-CSharp, Version=0.0.0.0, Culture=neutral, PublicKeyToken=null","Value":{"$id":"25","$type":"Kingmaker.UnitLogic.Parts.UnitPartVisualChanges, Assembly-CSharp","SourceBone":[""],"BoneReplaced":true,"Owner":{"$ref":"18"}}}],"m_Owner":{"$ref":"18"}},"Stats":{"$id":"26","HitPoints":{"$id":"27","m_BaseStat":"Constitution","m_Stats":{"$ref":"26"},"m_BaseStatModifier":null,"Type":"HitPoints","m_DependentFacts":null,"m_BaseValue":19,"m_Dependents":null,"PermanentValue":19,"PersistentModifierList":null},"TemporaryHitPoints":{"$id":"28","Type":"TemporaryHitPoints","m_DependentFacts":null,"m_BaseValue":0,"m_Dependents":null,"PermanentValue":0,"PersistentModifierList":null},"AC":{"$id":"29","m_Stats":{"$ref":"26"},"m_DexBonusLimiters":null,"m_DexBonus":{"$id":"30","ModDescriptor":"DexterityBonus","StackMode":"Default","ModValue":0,"Source":null,"SourceComponent":null,"ItemSource":null},"Type":"AC","m_DependentFacts":null,"m_BaseValue":10,"m_Dependents":null,"PermanentValue":10,"PersistentModifierList":[{"$ref":"30"},{"$id":"31","ModDescriptor":"Size","StackMode":"Default","ModValue":0,"Source":null,"SourceComponent":null,"ItemSource":null}]},"AdditionalAttackBonus":{"$id":"32","Type":"AdditionalAttackBonus","m_BaseValue":0,"m_Dependents":null,"m_DependentFacts":null,"PermanentValue":0,"PersistentModifierList":[{"$id":"33","ModDescriptor":"Size","StackMode":"Default","ModValue":0,"Source":null,"SourceComponent":null,"ItemSource":null}]},"AdditionalDamage":{"$id":"34","Type":"AdditionalDamage","m_BaseValue":0,"m_Dependents":null,"m_DependentFacts":null,"PermanentValue":0,"PersistentModifierList":null},"BaseAttackBonus":{"$id":"35","Type":"BaseAttackBonus","m_BaseValue":2,"m_Dependents":null,"m_DependentFacts":null,"PermanentValue":2,"PersistentModifierList":null},"AttackOfOpportunityCount":{"$id":"36","Type":"AttackOfOpportunityCount","m_BaseValue":1,"m_Dependents":null,"m_DependentFacts":null,"PermanentValue":1,"PersistentModifierList":null},"Speed":{"$id":"37","Type":"Speed","m_DependentFacts":null,"m_BaseValue":30,"m_Dependents":null,"PermanentValue":30,"PersistentModifierList":null},"Charisma":{"$id":"38","m_Disabled":{"$id":"39","m_Count":0},"Type":"Charisma","m_DependentFacts":null,"m_BaseValue":13,"m_Dependents":[{"$id":"40","$type":"Kingmaker.EntitySystem.Stats.ModifiableValueSkill, Assembly-CSharp","BaseStat":{"$ref":"38"},"ClassSkill":{"$id":"41","m_Count":2},"Type":"SkillPersuasion","m_DependentFacts":null,"m_BaseValue":0,"m_Dependents":[{"$id":"42","$type":"Kingmaker.EntitySystem.Stats.ModifiableValueDependant, Assembly-CSharp","BaseStat":{"$ref":"40"},"Type":"CheckBluff","m_DependentFacts":null,"m_BaseValue":0,"m_Dependents":null,"PermanentValue":1,"PersistentModifierList":null},{"$id":"43","$type":"Kingmaker.EntitySystem.Stats.ModifiableValueDependant, Assembly-CSharp","BaseStat":{"$ref":"40"},"Type":"CheckDiplomacy","m_DependentFacts":null,"m_BaseValue":0,"m_Dependents":null,"PermanentValue":1,"PersistentModifierList":null},{"$id":"44","$type":"Kingmaker.EntitySystem.Stats.ModifiableValueDependant, Assembly-CSharp","BaseStat":{"$ref":"40"},"Type":"CheckIntimidate","m_DependentFacts":null,"m_BaseValue":0,"m_Dependents":null,"PermanentValue":1,"PersistentModifierList":null}],"PermanentValue":1,"PersistentModifierList":null},{"$id":"45","$type":"Kingmaker.EntitySystem.Stats.ModifiableValueSkill, Assembly-CSharp","BaseStat":{"$ref":"38"},"ClassSkill":{"$id":"46","m_Count":0},"Type":"SkillUseMagicDevice","m_DependentFacts":null,"m_BaseValue":0,"m_Dependents":null,"PermanentValue":1,"PersistentModifierList":null}],"PermanentValue":13,"PersistentModifierList":[]},"AdditionalCMB":{"$id":"47","Type":"AdditionalCMB","m_BaseValue":0,"m_Dependents":null,"m_DependentFacts":null,"PermanentValue":0,"PersistentModifierList":null},"AdditionalCMD":{"$id":"48","Type":"AdditionalCMD","m_BaseValue":0,"m_Dependents":null,"m_DependentFacts":null,"PermanentValue":0,"PersistentModifierList":null},"Constitution":{"$id":"49","m_Disabled":{"$id":"50","m_Count":0},"Type":"Constitution","m_DependentFacts":null,"m_BaseValue":10,"m_Dependents":[{"$ref":"27"},{"$id":"51","$type":"Kingmaker.EntitySystem.Stats.ModifiableValueSavingThrow, Assembly-CSharp","BaseStat":{"$ref":"49"},"Type":"SaveFortitude","m_DependentFacts":null,"m_BaseValue":3,"m_Dependents":null,"PermanentValue":3,"PersistentModifierList":null}],"PermanentValue":10,"PersistentModifierList":[]},"Dexterity":{"$id":"52","m_Disabled":{"$id":"53","m_Count":0},"Type":"Dexterity","m_DependentFacts":null,"m_BaseValue":10,"m_Dependents":[{"$ref":"29"},{"$id":"54","$type":"Kingmaker.EntitySystem.Stats.ModifiableValueSavingThrow, Assembly-CSharp","BaseStat":{"$ref":"52"},"Type":"SaveReflex","m_DependentFacts":null,"m_BaseValue":3,"m_Dependents":null,"PermanentValue":3,"PersistentModifierList":null},{"$id":"55","$type":"Kingmaker.EntitySystem.Stats.ModifiableValueSkill, Assembly-CSharp","BaseStat":{"$ref":"52"},"ClassSkill":{"$id":"56","m_Count":2},"Type":"SkillMobility","m_DependentFacts":null,"m_BaseValue":0,"m_Dependents":null,"PermanentValue":0,"PersistentModifierList":null},{"$id":"57","$type":"Kingmaker.EntitySystem.Stats.ModifiableValueSkill, Assembly-CSharp","BaseStat":{"$ref":"52"},"ClassSkill":{"$id":"58","m_Count":0},"Type":"SkillThievery","m_DependentFacts":null,"m_BaseValue":0,"m_Dependents":null,"PermanentValue":0,"PersistentModifierList":null},{"$id":"59","$type":"Kingmaker.EntitySystem.Stats.ModifiableValueSkill, Assembly-CSharp","BaseStat":{"$ref":"52"},"ClassSkill":{"$id":"60","m_Count":2},"Type":"SkillStealth","m_DependentFacts":null,"m_BaseValue":0,"m_Dependents":null,"PermanentValue":0,"PersistentModifierList":[{"$id":"61","ModDescriptor":"Size","StackMode":"Default","ModValue":0,"Source":null,"SourceComponent":null,"ItemSource":null}]},{"$id":"62","$type":"Kingmaker.EntitySystem.Stats.ModifiableValueInitiative, Assembly-CSharp","m_Dexterity":{"$ref":"52"},"m_DexBonus":{"$id":"63","ModDescriptor":"DexterityBonus","StackMode":"Default","ModValue":0,"Source":null,"SourceComponent":null,"ItemSource":null},"Type":"Initiative","m_DependentFacts":null,"m_BaseValue":0,"m_Dependents":null,"PermanentValue":0,"PersistentModifierList":[{"$ref":"63"}]}],"PermanentValue":10,"PersistentModifierList":[]},"Intelligence":{"$id":"64","m_Disabled":{"$id":"65","m_Count":0},"Type":"Intelligence","m_DependentFacts":null,"m_BaseValue":10,"m_Dependents":[{"$id":"66","$type":"Kingmaker.EntitySystem.Stats.ModifiableValueSkill, Assembly-CSharp","BaseStat":{"$ref":"64"},"ClassSkill":{"$id":"67","m_Count":2},"Type":"SkillKnowledgeArcana","m_DependentFacts":null,"m_BaseValue":0,"m_Dependents":null,"PermanentValue":0,"PersistentModifierList":null},{"$id":"68","$type":"Kingmaker.EntitySystem.Stats.ModifiableValueSkill, Assembly-CSharp","BaseStat":{"$ref":"64"},"ClassSkill":{"$id":"69","m_Count":0},"Type":"SkillKnowledgeWorld","m_DependentFacts":null,"m_BaseValue":0,"m_Dependents":null,"PermanentValue":0,"PersistentModifierList":null}],"PermanentValue":10,"PersistentModifierList":[]},"Owner":{"$ref":"18"},"SaveFortitude":{"$ref":"51"},"SaveReflex":{"$ref":"54"},"SaveWill":{"$id":"70","BaseStat":{"$id":"71","m_Disabled":{"$id":"72","m_Count":0},"Type":"Wisdom","m_DependentFacts":null,"m_BaseValue":10,"m_Dependents":[{"$ref":"70"},{"$id":"73","$type":"Kingmaker.EntitySystem.Stats.ModifiableValueSkill, Assembly-CSharp","BaseStat":{"$ref":"71"},"ClassSkill":{"$id":"74","m_Count":2},"Type":"SkillPerception","m_DependentFacts":null,"m_BaseValue":0,"m_Dependents":null,"PermanentValue":0,"PersistentModifierList":[]},{"$id":"75","$type":"Kingmaker.EntitySystem.Stats.ModifiableValueSkill, Assembly-CSharp","BaseStat":{"$ref":"71"},"ClassSkill":{"$id":"76","m_Count":2},"Type":"SkillLoreNature","m_DependentFacts":null,"m_BaseValue":0,"m_Dependents":null,"PermanentValue":0,"PersistentModifierList":null},{"$id":"77","$type":"Kingmaker.EntitySystem.Stats.ModifiableValueSkill, Assembly-CSharp","BaseStat":{"$ref":"71"},"ClassSkill":{"$id":"78","m_Count":2},"Type":"SkillLoreReligion","m_DependentFacts":null,"m_BaseValue":0,"m_Dependents":null,"PermanentValue":0,"PersistentModifierList":null}],"PermanentValue":10,"PersistentModifierList":[]},"Type":"SaveWill","m_DependentFacts":null,"m_BaseValue":3,"m_Dependents":null,"PermanentValue":3,"PersistentModifierList":null},"SkillMobility":{"$ref":"55"},"SkillAthletics":{"$id":"79","BaseStat":{"$id":"80","m_Disabled":{"$id":"81","m_Count":0},"Type":"Strength","m_DependentFacts":null,"m_BaseValue":15,"m_Dependents":[{"$ref":"79"}],"PermanentValue":15,"PersistentModifierList":[]},"ClassSkill":{"$id":"82","m_Count":2},"Type":"SkillAthletics","m_DependentFacts":null,"m_BaseValue":0,"m_Dependents":null,"PermanentValue":2,"PersistentModifierList":null},"SkillKnowledgeArcana":{"$ref":"66"},"SkillLoreNature":{"$ref":"75"},"SkillPerception":{"$ref":"73"},"SkillThievery":{"$ref":"57"},"Strength":{"$ref":"80"},"Wisdom":{"$ref":"71"},"Initiative":{"$ref":"62"},"SkillPersuasion":{"$ref":"40"},"SkillStealth":{"$ref":"59"},"SkillUseMagicDevice":{"$ref":"45"},"SkillLoreReligion":{"$ref":"77"},"SkillKnowledgeWorld":{"$ref":"68"},"CheckBluff":{"$ref":"42"},"CheckDiplomacy":{"$ref":"43"},"CheckIntimidate":{"$ref":"44"},"SneakAttack":{"$id":"83","Type":"SneakAttack","m_BaseValue":0,"m_Dependents":null,"m_DependentFacts":null,"PermanentValue":0,"PersistentModifierList":null},"DamageNonLethal":{"$id":"84","Type":"DamageNonLethal","m_BaseValue":0,"m_Dependents":null,"m_DependentFacts":null,"PermanentValue":0,"PersistentModifierList":null},"Reach":{"$id":"85","Type":"Reach","m_BaseValue":0,"m_Dependents":null,"m_DependentFacts":null,"PermanentValue":0,"PersistentModifierList":[{"$id":"86","ModDescriptor":"Size","StackMode":"Default","ModValue":5,"Source":null,"SourceComponent":null,"ItemSource":null}]}},"Body":{"$id":"87","m_EmptyHandWeaponsStack":null,"m_EmptyHandWeapon":{"$id":"88","Second":null,"m_Blueprint":"20375b5a0c9243d45966bd72c690ab74","m_Count":1,"m_InventorySlotIndex":-1,"m_Enchantments":null,"m_FactsAppliedToWielder":[],"m_SkinningSuccessful":false,"m_IdentifyRolls":[],"ForceSecondary":false,"IsSecondPartOfDoubleWeapon":false,"IsShield":false,"Collection":null,"Wielder":{"$ref":"18"},"HoldingSlot":null,"Time":"00:00:00","Ability":null,"ActivatableAbility":null,"Charges":0,"IsIdentified":true,"SellTime":null,"IsNonRemovable":false},"m_CurrentHandsEquipmentSetIndex":0,"m_HandsEquipmentSets":[{"$id":"89","PrimaryHand":{"$ref":"21"},"SecondaryHand":{"$id":"90","Owner":{"$ref":"18"},"Lock":{"$id":"91","m_Count":0},"m_Item":null,"m_DeactivateFlag":{"$id":"92","m_Count":0},"m_Active":true}},{"$id":"93","PrimaryHand":{"$id":"94","Owner":{"$ref":"18"},"Lock":{"$id":"95","m_Count":0},"m_Item":null,"m_DeactivateFlag":{"$id":"96","m_Count":0},"m_Active":false},"SecondaryHand":{"$id":"97","Owner":{"$ref":"18"},"Lock":{"$id":"98","m_Count":0},"m_Item":null,"m_DeactivateFlag":{"$id":"99","m_Count":0},"m_Active":false}},{"$id":"100","PrimaryHand":{"$id":"101","Owner":{"$ref":"18"},"Lock":{"$id":"102","m_Count":0},"m_Item":null,"m_DeactivateFlag":{"$id":"103","m_Count":0},"m_Active":false},"SecondaryHand":{"$id":"104","Owner":{"$ref":"18"},"Lock":{"$id":"105","m_Count":0},"m_Item":null,"m_DeactivateFlag":{"$id":"106","m_Count":0},"m_Active":false}},{"$id":"107","PrimaryHand":{"$id":"108","Owner":{"$ref":"18"},"Lock":{"$id":"109","m_Count":0},"m_Item":null,"m_DeactivateFlag":{"$id":"110","m_Count":0},"m_Active":false},"SecondaryHand":{"$id":"111","Owner":{"$ref":"18"},"Lock":{"$id":"112","m_Count":0},"m_Item":null,"m_DeactivateFlag":{"$id":"113","m_Count":0},"m_Active":false}}],"m_AdditionalLimbs":[],"m_PolymoprphHandsEquipmentSet":null,"m_PolymorphAdditionalLimbs":null,"m_QuickSlots":[{"$id":"114","Owner":{"$ref":"18"},"Lock":{"$id":"115","m_Count":0},"m_Item":null,"m_DeactivateFlag":{"$id":"116","m_Count":0},"m_Active":true},{"$id":"117","Owner":{"$ref":"18"},"Lock":{"$id":"118","m_Count":0},"m_Item":null,"m_DeactivateFlag":{"$id":"119","m_Count":0},"m_Active":true},{"$id":"120","Owner":{"$ref":"18"},"Lock":{"$id":"121","m_Count":0},"m_Item":null,"m_DeactivateFlag":{"$id":"122","m_Count":0},"m_Active":true},{"$id":"123","Owner":{"$ref":"18"},"Lock":{"$id":"124","m_Count":0},"m_Item":null,"m_DeactivateFlag":{"$id":"125","m_Count":0},"m_Active":true},{"$id":"126","Owner":{"$ref":"18"},"Lock":{"$id":"127","m_Count":0},"m_Item":null,"m_DeactivateFlag":{"$id":"128","m_Count":0},"m_Active":true}],"Armor":{"$id":"129","Owner":{"$ref":"18"},"Lock":{"$id":"130","m_Count":0},"m_Item":null,"m_DeactivateFlag":{"$id":"131","m_Count":0},"m_Active":true},"Belt":{"$id":"132","Owner":{"$ref":"18"},"Lock":{"$id":"133","m_Count":0},"m_Item":null,"m_DeactivateFlag":{"$id":"134","m_Count":0},"m_Active":true},"Head":{"$id":"135","Owner":{"$ref":"18"},"Lock":{"$id":"136","m_Count":0},"m_Item":null,"m_DeactivateFlag":{"$id":"137","m_Count":0},"m_Active":true},"Feet":{"$id":"138","Owner":{"$ref":"18"},"Lock":{"$id":"139","m_Count":0},"m_Item":null,"m_DeactivateFlag":{"$id":"140","m_Count":0},"m_Active":true},"Gloves":{"$id":"141","Owner":{"$ref":"18"},"Lock":{"$id":"142","m_Count":0},"m_Item":null,"m_DeactivateFlag":{"$id":"143","m_Count":0},"m_Active":true},"Neck":{"$id":"144","Owner":{"$ref":"18"},"Lock":{"$id":"145","m_Count":0},"m_Item":null,"m_DeactivateFlag":{"$id":"146","m_Count":0},"m_Active":true},"Ring1":{"$id":"147","Owner":{"$ref":"18"},"Lock":{"$id":"148","m_Count":0},"m_Item":null,"m_DeactivateFlag":{"$id":"149","m_Count":0},"m_Active":true},"Ring2":{"$id":"150","Owner":{"$ref":"18"},"Lock":{"$id":"151","m_Count":0},"m_Item":null,"m_DeactivateFlag":{"$id":"152","m_Count":0},"m_Active":true},"Wrist":{"$id":"153","Owner":{"$ref":"18"},"Lock":{"$id":"154","m_Count":0},"m_Item":null,"m_DeactivateFlag":{"$id":"155","m_Count":0},"m_Active":true},"Shoulders":{"$id":"156","Owner":{"$ref":"18"},"Lock":{"$id":"157","m_Count":0},"m_Item":null,"m_DeactivateFlag":{"$id":"158","m_Count":0},"m_Active":true},"HandsAreEnabled":true,"Owner":{"$ref":"18"},"IsPolymorphed":false},"Logic":{"$id":"159","m_Facts":[],"Owner":{"$ref":"18"},"ActiveByDefault":false},"Abilities":{"$id":"160","m_Facts":[{"$id":"161","$type":"Kingmaker.UnitLogic.Abilities.Ability, Assembly-CSharp","m_Hidden":false,"Data":{"$id":"162","Blueprint":"c78506dd0e14f7c45a599990e4e65038","Caster":{"$ref":"18"},"m_ConvertedFrom":null,"DecorationColorNumber":-1,"DecorationBorderNumber":-1,"m_SpellbookBlueprint":null,"IsSpellCopy":false,"Fact":{"$ref":"161"},"MetamagicData":null},"Blueprint":"c78506dd0e14f7c45a599990e4e65038","m_ComponentsData":[],"StickyTouch":null,"Owner":{"$ref":"18"},"Initialized":true,"Active":false,"SourceItem":null,"SourceCutscene":null},{"$id":"163","$type":"Kingmaker.UnitLogic.Abilities.Ability, Assembly-CSharp","m_Hidden":false,"Data":{"$id":"164","Blueprint":"7d2233c3b7a0b984ba058a83b736e6ac","Caster":{"$ref":"18"},"m_ConvertedFrom":null,"DecorationColorNumber":-1,"DecorationBorderNumber":-1,"m_SpellbookBlueprint":null,"IsSpellCopy":false,"Fact":{"$ref":"163"},"MetamagicData":null},"Blueprint":"7d2233c3b7a0b984ba058a83b736e6ac","m_ComponentsData":[],"StickyTouch":null,"Owner":{"$ref":"18"},"Initialized":true,"Active":false,"SourceItem":null,"SourceCutscene":null},{"$id":"165","$type":"Kingmaker.UnitLogic.Abilities.Ability, Assembly-CSharp","m_Hidden":false,"Data":{"$id":"166","Blueprint":"4ac47ddb9fa1eaf43a1b6809980cfbd2","Caster":{"$ref":"18"},"m_ConvertedFrom":null,"DecorationColorNumber":-1,"DecorationBorderNumber":-1,"m_SpellbookBlueprint":null,"IsSpellCopy":false,"Fact":{"$ref":"165"},"MetamagicData":null},"Blueprint":"4ac47ddb9fa1eaf43a1b6809980cfbd2","m_ComponentsData":[],"StickyTouch":null,"Owner":{"$ref":"18"},"Initialized":true,"Active":false,"SourceItem":null,"SourceCutscene":null}],"Owner":{"$ref":"18"},"ActiveByDefault":false},"ActivatableAbilities":{"$id":"167","m_Facts":[{"$id":"168","$type":"Kingmaker.UnitLogic.ActivatableAbilities.ActivatableAbility, Assembly-CSharp","m_IsOn":false,"m_AppliedBuff":null,"m_Target":null,"m_TurnOnTime":"00:00:00","m_WasInCombat":false,"Blueprint":"09d742e8b50b0214fb71acfc99cc00b3","m_ComponentsData":[],"TimeToNextRound":0.0,"IsRunning":false,"ReadyToStart":false,"Owner":{"$ref":"18"},"Initialized":true,"Active":false,"SourceItem":null,"SourceCutscene":null}],"Owner":{"$ref":"18"},"ActiveByDefault":false},"AttackFactions":{"$id":"169","m_Owner":{"$ref":"18"},"m_Factions":["72f240260881111468db610b6c37c099"]},"Recreate":false,"Buffs":{"$id":"170","m_IsOwnerAlive":true,"m_Facts":[],"Owner":{"$ref":"18"},"ActiveByDefault":false},"Resources":{"$id":"171","m_Owner":{"$ref":"18"},"PersistantResources":[]},"Progression":{"$id":"172","m_Race":null,"Classes":[{"$id":"173","CharacterClass":"01a754e7c1b7c5946ba895a5ff0faffc","Spellbook":null,"Archetypes":[],"Level":2,"PriorityEquipment":false}],"m_Progressions":[{"Key":"5b72dd2ca2cb73b49903806ee8986325","Value":{"$id":"174","Blueprint":"5b72dd2ca2cb73b49903806ee8986325","Archetypes":[],"Level":2}},{"Key":"7b5c518870d11064b8e21988591bafaa","Value":{"$id":"175","Blueprint":"7b5c518870d11064b8e21988591bafaa","Archetypes":[],"Level":2}}],"Features":{"$id":"176","m_Facts":[{"$id":"177","$type":"Kingmaker.UnitLogic.Feature, Assembly-CSharp","m_Context":{"$id":"178","m_OwnerDescriptor":{"$ref":"18"},"m_CasterReference":{"m_UniqueId":null},"m_Ranks":[0,0,0,0,0,0,0],"m_SharedValues":[0,0,0,0,0,0],"m_Params":null,"AssociatedBlueprint":"5b72dd2ca2cb73b49903806ee8986325","ParentContext":null,"m_MainTarget":null,"Params":{"SpellSource":"Unknown","CasterLevel":1,"SpellLevel":1,"DC":11},"SpellDescriptor":"None","SpellSchool":"None","SpellLevel":0,"Direction":{"$type":"UnityEngine.Vector3, UnityEngine.CoreModule, Version=0.0.0.0, Culture=neutral, PublicKeyToken=null","x":0.0,"y":0.0,"z":0.0}},"Blueprint":"5b72dd2ca2cb73b49903806ee8986325","m_ComponentsData":[],"Rank":1,"Source":null,"Param":null,"IgnorePrerequisites":true,"Owner":{"$ref":"18"},"Initialized":true,"Active":true,"SourceItem":null,"SourceCutscene":null},{"$id":"179","$type":"Kingmaker.UnitLogic.Feature, Assembly-CSharp","m_Context":{"$id":"180","m_OwnerDescriptor":{"$ref":"18"},"m_CasterReference":{"m_UniqueId":"6ccaaeeb-c0c0-4a36-b489-a66b70017dcb"},"m_Ranks":[0,0,0,0,0,0,0],"m_SharedValues":[0,0,0,0,0,0],"m_Params":null,"AssociatedBlueprint":"3a2c6187f09ef644ea443124c63831df","ParentContext":null,"m_MainTarget":null,"Params":{"SpellSource":"Unknown","CasterLevel":1,"SpellLevel":1,"DC":11},"SpellDescriptor":"None","SpellSchool":"None","SpellLevel":0,"Direction":{"$type":"UnityEngine.Vector3, UnityEngine.CoreModule, Version=0.0.0.0, Culture=neutral, PublicKeyToken=null","x":0.0,"y":0.0,"z":0.0}},"Blueprint":"3a2c6187f09ef644ea443124c63831df","m_ComponentsData":[],"Rank":1,"Source":null,"Param":null,"IgnorePrerequisites":true,"Owner":{"$ref":"18"},"Initialized":true,"Active":true,"SourceItem":null,"SourceCutscene":null},{"$id":"181","$type":"Kingmaker.UnitLogic.Feature, Assembly-CSharp","m_Context":{"$id":"182","m_OwnerDescriptor":{"$ref":"18"},"m_CasterReference":{"m_UniqueId":"6ccaaeeb-c0c0-4a36-b489-a66b70017dcb"},"m_Ranks":[0,0,0,0,0,0,0],"m_SharedValues":[0,0,0,0,0,0],"m_Params":null,"AssociatedBlueprint":"7b5c518870d11064b8e21988591bafaa","ParentContext":null,"m_MainTarget":null,"Params":{"SpellSource":"Unknown","CasterLevel":1,"SpellLevel":1,"DC":11},"SpellDescriptor":"None","SpellSchool":"None","SpellLevel":0,"Direction":{"$type":"UnityEngine.Vector3, UnityEngine.CoreModule, Version=0.0.0.0, Culture=neutral, PublicKeyToken=null","x":0.0,"y":0.0,"z":0.0}},"Blueprint":"7b5c518870d11064b8e21988591bafaa","m_ComponentsData":[],"Rank":1,"Source":"01a754e7c1b7c5946ba895a5ff0faffc","Param":null,"IgnorePrerequisites":true,"Owner":{"$ref":"18"},"Initialized":true,"Active":true,"SourceItem":null,"SourceCutscene":null},{"$id":"183","$type":"Kingmaker.UnitLogic.Feature, Assembly-CSharp","m_Context":{"$id":"184","m_OwnerDescriptor":{"$ref":"18"},"m_CasterReference":{"m_UniqueId":"6ccaaeeb-c0c0-4a36-b489-a66b70017dcb"},"m_Ranks":[0,0,0,0,0,0,0],"m_SharedValues":[0,0,0,0,0,0],"m_Params":null,"AssociatedBlueprint":"247a4068296e8be42890143f451b4b45","ParentContext":null,"m_MainTarget":null,"Params":{"SpellSource":"Unknown","CasterLevel":1,"SpellLevel":1,"DC":11},"SpellDescriptor":"None","SpellSchool":"None","SpellLevel":0,"Direction":{"$type":"UnityEngine.Vector3, UnityEngine.CoreModule, Version=0.0.0.0, Culture=neutral, PublicKeyToken=null","x":0.0,"y":0.0,"z":0.0}},"Blueprint":"247a4068296e8be42890143f451b4b45","m_ComponentsData":[],"Rank":1,"Source":"7b5c518870d11064b8e21988591bafaa","Param":null,"IgnorePrerequisites":true,"Owner":{"$ref":"18"},"Initialized":true,"Active":true,"SourceItem":null,"SourceCutscene":null},{"$id":"185","$type":"Kingmaker.UnitLogic.Feature, Assembly-CSharp","m_Context":{"$id":"186","m_OwnerDescriptor":{"$ref":"18"},"m_CasterReference":{"m_UniqueId":"6ccaaeeb-c0c0-4a36-b489-a66b70017dcb"},"m_Ranks":[0,0,0,0,0,0,0],"m_SharedValues":[0,0,0,0,0,0],"m_Params":null,"AssociatedBlueprint":"ca22afeb94442b64fb8536e7a9f7dc11","ParentContext":null,"m_MainTarget":null,"Params":{"SpellSource":"Unknown","CasterLevel":1,"SpellLevel":1,"DC":11},"SpellDescriptor":"None","SpellSchool":"None","SpellLevel":0,"Direction":{"$type":"UnityEngine.Vector3, UnityEngine.CoreModule, Version=0.0.0.0, Culture=neutral, PublicKeyToken=null","x":0.0,"y":0.0,"z":0.0}},"Blueprint":"ca22afeb94442b64fb8536e7a9f7dc11","m_ComponentsData":[{"$id":"187","ComponentName":"$AddFacts$1d537ae8-86db-4df4-b28f-789a7c7b031c","m_AppliedFacts":{"$type":"System.Collections.Generic.List`1[[Kingmaker.Blueprints.Facts.Fact, Assembly-CSharp]], mscorlib","$values":[{"$ref":"168"}]}},{"$id":"188","ComponentName":"$DeathActions$d3439b71-0139-4956-bff9-fcf717165a25"}],"Rank":1,"Source":"5b72dd2ca2cb73b49903806ee8986325","Param":null,"IgnorePrerequisites":true,"Owner":{"$ref":"18"},"Initialized":true,"Active":true,"SourceItem":null,"SourceCutscene":null},{"$id":"189","$type":"Kingmaker.UnitLogic.Feature, Assembly-CSharp","m_Context":{"$id":"190","m_OwnerDescriptor":{"$ref":"18"},"m_CasterReference":{"m_UniqueId":"6ccaaeeb-c0c0-4a36-b489-a66b70017dcb"},"m_Ranks":[0,0,0,0,0,0,0],"m_SharedValues":[0,0,0,0,0,0],"m_Params":null,"AssociatedBlueprint":"6948b379c0562714d9f6d58ccbfa8faa","ParentContext":null,"m_MainTarget":null,"Params":{"SpellSource":"Unknown","CasterLevel":1,"SpellLevel":1,"DC":11},"SpellDescriptor":"None","SpellSchool":"None","SpellLevel":0,"Direction":{"$type":"UnityEngine.Vector3, UnityEngine.CoreModule, Version=0.0.0.0, Culture=neutral, PublicKeyToken=null","x":0.0,"y":0.0,"z":0.0}},"Blueprint":"6948b379c0562714d9f6d58ccbfa8faa","m_ComponentsData":[{"$id":"191","ComponentName":"$TwoWeaponFightingAttackPenalty$bdf15419-9b1f-48ba-a816-6ffbb9b83258"},{"$id":"192","ComponentName":"$TwoWeaponFightingAttacks$c6c23e28-824b-4f52-abe1-49f605100e17"},{"$id":"193","ComponentName":"$TwoWeaponFightingDamagePenalty$93c71acb-3b4b-4fd4-a050-c774d3e13ece"}],"Rank":1,"Source":"5b72dd2ca2cb73b49903806ee8986325","Param":null,"IgnorePrerequisites":true,"Owner":{"$ref":"18"},"Initialized":true,"Active":true,"SourceItem":null,"SourceCutscene":null},{"$id":"194","$type":"Kingmaker.UnitLogic.Feature, Assembly-CSharp","m_Context":{"$id":"195","m_OwnerDescriptor":{"$ref":"18"},"m_CasterReference":{"m_UniqueId":"6ccaaeeb-c0c0-4a36-b489-a66b70017dcb"},"m_Ranks":[0,0,0,0,0,0,0],"m_SharedValues":[0,0,0,0,0,0],"m_Params":null,"AssociatedBlueprint":"109f01a0cbd151d44a98b17056460bc9","ParentContext":null,"m_MainTarget":null,"Params":{"SpellSource":"Unknown","CasterLevel":1,"SpellLevel":1,"DC":11},"SpellDescriptor":"None","SpellSchool":"None","SpellLevel":0,"Direction":{"$type":"UnityEngine.Vector3, UnityEngine.CoreModule, Version=0.0.0.0, Culture=neutral, PublicKeyToken=null","x":0.0,"y":0.0,"z":0.0}},"Blueprint":"109f01a0cbd151d44a98b17056460bc9","m_ComponentsData":[{"$id":"196","ComponentName":"$AddFeatureToNPC$dfaecb92-b2fd-4e2c-b528-73104123ac46","m_AppliedFact":{"$id":"197","$type":"Kingmaker.UnitLogic.Feature, Assembly-CSharp","m_Context":{"$id":"198","m_OwnerDescriptor":{"$ref":"18"},"m_CasterReference":{"m_UniqueId":"6ccaaeeb-c0c0-4a36-b489-a66b70017dcb"},"m_Ranks":[0,0,0,0,0,0,0],"m_SharedValues":[0,0,0,0,0,0],"m_Params":null,"AssociatedBlueprint":"1001e3eb456a0244e93c9179c3f4a1a2","ParentContext":null,"m_MainTarget":null,"Params":{"SpellSource":"Unknown","CasterLevel":1,"SpellLevel":1,"DC":11},"SpellDescriptor":"None","SpellSchool":"None","SpellLevel":0,"Direction":{"$type":"UnityEngine.Vector3, UnityEngine.CoreModule, Version=0.0.0.0, Culture=neutral, PublicKeyToken=null","x":0.0,"y":0.0,"z":0.0}},"Blueprint":"1001e3eb456a0244e93c9179c3f4a1a2","m_ComponentsData":[{"$id":"199","ComponentName":"$AddBuffOnCombatStart$7157d582-fef6-4c77-96a2-dd24b6ebb8f4","m_AppliedBuff":null}],"Rank":1,"Source":null,"Param":null,"IgnorePrerequisites":true,"Owner":{"$ref":"18"},"Initialized":true,"Active":true,"SourceItem":null,"SourceCutscene":null}}],"Rank":1,"Source":"5b72dd2ca2cb73b49903806ee8986325","Param":null,"IgnorePrerequisites":true,"Owner":{"$ref":"18"},"Initialized":true,"Active":true,"SourceItem":null,"SourceCutscene":null},{"$ref":"197"},{"$id":"200","$type":"Kingmaker.UnitLogic.Feature, Assembly-CSharp","m_Context":{"$id":"201","m_OwnerDescriptor":{"$ref":"18"},"m_CasterReference":{"m_UniqueId":"6ccaaeeb-c0c0-4a36-b489-a66b70017dcb"},"m_Ranks":[0,0,0,0,0,0,0],"m_SharedValues":[0,0,0,0,0,0],"m_Params":null,"AssociatedBlueprint":"33bc1b86b3a2fa5489cc0a5bdcf3f6f8","ParentContext":null,"m_MainTarget":null,"Params":{"SpellSource":"Unknown","CasterLevel":1,"SpellLevel":1,"DC":11},"SpellDescriptor":"None","SpellSchool":"None","SpellLevel":0,"Direction":{"$type":"UnityEngine.Vector3, UnityEngine.CoreModule, Version=0.0.0.0, Culture=neutral, PublicKeyToken=null","x":0.0,"y":0.0,"z":0.0}},"Blueprint":"33bc1b86b3a2fa5489cc0a5bdcf3f6f8","m_ComponentsData":[{"$id":"202","ComponentName":"$AddFeatureToNPC$dfaecb92-b2fd-4e2c-b528-73104123ac46","m_AppliedFact":{"$id":"203","$type":"Kingmaker.UnitLogic.Feature, Assembly-CSharp","m_Context":{"$id":"204","m_OwnerDescriptor":{"$ref":"18"},"m_CasterReference":{"m_UniqueId":"6ccaaeeb-c0c0-4a36-b489-a66b70017dcb"},"m_Ranks":[0,0,0,0,0,0,0],"m_SharedValues":[0,0,0,0,0,0],"m_Params":null,"AssociatedBlueprint":"6e318c139554e3341b52991ba2c5a3c7","ParentContext":null,"m_MainTarget":null,"Params":{"SpellSource":"Unknown","CasterLevel":1,"SpellLevel":1,"DC":11},"SpellDescriptor":"None","SpellSchool":"None","SpellLevel":0,"Direction":{"$type":"UnityEngine.Vector3, UnityEngine.CoreModule, Version=0.0.0.0, Culture=neutral, PublicKeyToken=null","x":0.0,"y":0.0,"z":0.0}},"Blueprint":"6e318c139554e3341b52991ba2c5a3c7","m_ComponentsData":[{"$id":"205","ComponentName":"$DifficultyStatAdvancement$9c7c6873-c2c5-4af2-98a7-fdb67905544a"}],"Rank":1,"Source":null,"Param":null,"IgnorePrerequisites":true,"Owner":{"$ref":"18"},"Initialized":true,"Active":true,"SourceItem":null,"SourceCutscene":null}}],"Rank":1,"Source":"5b72dd2ca2cb73b49903806ee8986325","Param":null,"IgnorePrerequisites":true,"Owner":{"$ref":"18"},"Initialized":true,"Active":true,"SourceItem":null,"SourceCutscene":null},{"$ref":"203"},{"$id":"206","$type":"Kingmaker.UnitLogic.Feature, Assembly-CSharp","m_Context":{"$id":"207","m_OwnerDescriptor":{"$ref":"18"},"m_CasterReference":{"m_UniqueId":"6ccaaeeb-c0c0-4a36-b489-a66b70017dcb"},"m_Ranks":[0,0,0,0,0,0,0],"m_SharedValues":[0,0,0,0,0,0],"m_Params":null,"AssociatedBlueprint":"e4c33ff99d638744686112e2a5f49856","ParentContext":null,"m_MainTarget":null,"Params":{"SpellSource":"Unknown","CasterLevel":1,"SpellLevel":1,"DC":11},"SpellDescriptor":"None","SpellSchool":"None","SpellLevel":0,"Direction":{"$type":"UnityEngine.Vector3, UnityEngine.CoreModule, Version=0.0.0.0, Culture=neutral, PublicKeyToken=null","x":0.0,"y":0.0,"z":0.0}},"Blueprint":"e4c33ff99d638744686112e2a5f49856","m_ComponentsData":[{"$id":"208","ComponentName":"$AddFeatureOnSkill$53c006d9-0279-4910-a197-7b7378b87ec5","m_AppliedFacts":{"$type":"System.Collections.Generic.List`1[[Kingmaker.Blueprints.Facts.Fact, Assembly-CSharp]], mscorlib","$values":[{"$ref":"163"}]}},{"$id":"209","ComponentName":"$AddFeatureOnSkill$c5d0a9a0-1733-4e85-a93e-5dfa4ce8d13f","m_AppliedFacts":{"$type":"System.Collections.Generic.List`1[[Kingmaker.Blueprints.Facts.Fact, Assembly-CSharp]], mscorlib","$values":[]}},{"$id":"210","ComponentName":"$AddFeatureOnSkill$582c00e4-c980-4e3a-b47a-9b026e64922d","m_AppliedFacts":{"$type":"System.Collections.Generic.List`1[[Kingmaker.Blueprints.Facts.Fact, Assembly-CSharp]], mscorlib","$values":[]}}],"Rank":1,"Source":"5b72dd2ca2cb73b49903806ee8986325","Param":null,"IgnorePrerequisites":true,"Owner":{"$ref":"18"},"Initialized":true,"Active":true,"SourceItem":null,"SourceCutscene":null},{"$id":"211","$type":"Kingmaker.UnitLogic.Feature, Assembly-CSharp","m_Context":{"$id":"212","m_OwnerDescriptor":{"$ref":"18"},"m_CasterReference":{"m_UniqueId":"6ccaaeeb-c0c0-4a36-b489-a66b70017dcb"},"m_Ranks":[0,0,0,0,0,0,0],"m_SharedValues":[0,0,0,0,0,0],"m_Params":null,"AssociatedBlueprint":"0aeba56961779e54a8a0f6dedef081ee","ParentContext":null,"m_MainTarget":null,"Params":{"SpellSource":"Unknown","CasterLevel":1,"SpellLevel":1,"DC":11},"SpellDescriptor":"None","SpellSchool":"None","SpellLevel":0,"Direction":{"$type":"UnityEngine.Vector3, UnityEngine.CoreModule, Version=0.0.0.0, Culture=neutral, PublicKeyToken=null","x":0.0,"y":0.0,"z":0.0}},"Blueprint":"0aeba56961779e54a8a0f6dedef081ee","m_ComponentsData":[{"$id":"213","ComponentName":"$AddBuffInBadWeather$a3a8772d-c0bc-414a-b935-e00092ee6c06"}],"Rank":1,"Source":"5b72dd2ca2cb73b49903806ee8986325","Param":null,"IgnorePrerequisites":true,"Owner":{"$ref":"18"},"Initialized":true,"Active":true,"SourceItem":null,"SourceCutscene":null},{"$id":"214","$type":"Kingmaker.UnitLogic.Feature, Assembly-CSharp","m_Context":{"$id":"215","m_OwnerDescriptor":{"$ref":"18"},"m_CasterReference":{"m_UniqueId":"6ccaaeeb-c0c0-4a36-b489-a66b70017dcb"},"m_Ranks":[0,0,0,0,0,0,0],"m_SharedValues":[0,0,0,0,0,0],"m_Params":null,"AssociatedBlueprint":"455ac88e22f55804ab87c2467deff1d6","ParentContext":null,"m_MainTarget":null,"Params":{"SpellSource":"Unknown","CasterLevel":1,"SpellLevel":1,"DC":11},"SpellDescriptor":"None","SpellSchool":"None","SpellLevel":0,"Direction":{"$type":"UnityEngine.Vector3, UnityEngine.CoreModule, Version=0.0.0.0, Culture=neutral, PublicKeyToken=null","x":0.0,"y":0.0,"z":0.0}},"Blueprint":"455ac88e22f55804ab87c2467deff1d6","m_ComponentsData":[{"$id":"216","ComponentName":"$AddFacts$391d08d0-0058-4d1c-ae10-ecb8c5016e52","m_AppliedFacts":{"$type":"System.Collections.Generic.List`1[[Kingmaker.Blueprints.Facts.Fact, Assembly-CSharp]], mscorlib","$values":[{"$id":"217","$type":"Kingmaker.UnitLogic.Feature, Assembly-CSharp","m_Context":{"$id":"218","m_OwnerDescriptor":{"$ref":"18"},"m_CasterReference":{"m_UniqueId":"6ccaaeeb-c0c0-4a36-b489-a66b70017dcb"},"m_Ranks":[0,0,0,0,0,0,0],"m_SharedValues":[0,0,0,0,0,0],"m_Params":null,"AssociatedBlueprint":"c263f44f72df009489409af122b5eefc","ParentContext":null,"m_MainTarget":null,"Params":{"SpellSource":"Unknown","CasterLevel":1,"SpellLevel":1,"DC":11},"SpellDescriptor":"None","SpellSchool":"None","SpellLevel":0,"Direction":{"$type":"UnityEngine.Vector3, UnityEngine.CoreModule, Version=0.0.0.0, Culture=neutral, PublicKeyToken=null","x":0.0,"y":0.0,"z":0.0}},"Blueprint":"c263f44f72df009489409af122b5eefc","m_ComponentsData":[{"$id":"219","ComponentName":"$AddConditionImmunity$8d475234-2708-41ce-a856-54114a6e734c"}],"Rank":1,"Source":null,"Param":null,"IgnorePrerequisites":true,"Owner":{"$ref":"18"},"Initialized":true,"Active":true,"SourceItem":null,"SourceCutscene":null},{"$id":"220","$type":"Kingmaker.UnitLogic.Feature, Assembly-CSharp","m_Context":{"$id":"221","m_OwnerDescriptor":{"$ref":"18"},"m_CasterReference":{"m_UniqueId":"6ccaaeeb-c0c0-4a36-b489-a66b70017dcb"},"m_Ranks":[0,0,0,0,0,0,0],"m_SharedValues":[0,0,0,0,0,0],"m_Params":null,"AssociatedBlueprint":"4b152a7bc5bab5042b437b955fea46cd","ParentContext":null,"m_MainTarget":null,"Params":{"SpellSource":"Unknown","CasterLevel":1,"SpellLevel":1,"DC":11},"SpellDescriptor":"None","SpellSchool":"None","SpellLevel":0,"Direction":{"$type":"UnityEngine.Vector3, UnityEngine.CoreModule, Version=0.0.0.0, Culture=neutral, PublicKeyToken=null","x":0.0,"y":0.0,"z":0.0}},"Blueprint":"4b152a7bc5bab5042b437b955fea46cd","m_ComponentsData":[{"$id":"222","ComponentName":"$AddConditionImmunity$5a61f100-4254-4787-b245-1e1955ca4d60"}],"Rank":1,"Source":null,"Param":null,"IgnorePrerequisites":true,"Owner":{"$ref":"18"},"Initialized":true,"Active":true,"SourceItem":null,"SourceCutscene":null}]}},{"$id":"223","ComponentName":"$ReplaceSourceBone$05745155-e1df-4b0b-8313-8266742a723b"}],"Rank":1,"Source":"7b5c518870d11064b8e21988591bafaa","Param":null,"IgnorePrerequisites":true,"Owner":{"$ref":"18"},"Initialized":true,"Active":true,"SourceItem":null,"SourceCutscene":null},{"$ref":"217"},{"$ref":"220"}],"Owner":{"$ref":"18"},"ActiveByDefault":true},"m_Selections":[],"ClassSkills":[],"Owner":{"$ref":"18"},"m_LevelPlans":[],"CharacterLevel":2,"Experience":2000,"TotalIntelligenceSkillPoints":0},"UISettings":{"$id":"224","m_Phase":0,"m_ShowAdditionalActionBarOnce":false,"Slots":null,"m_AlreadyAutomaniclyAdded":[],"m_ActivatableAbilityAlreadyAutomaniclyAdded":[],"m_Portrait":null,"m_CustomPortrait":null},"State":{"$id":"225","m_Conditions":[0,0,0,0,0,0,0,0,0,0,0,0,0,0,0,0,0,0,0,0,0,0,0,0,0,0,0,0,0,0,0,0,0,0,0,0,0,0,0,0,0,0,0,0,0],"m_ConditionsImmunity":[0,0,0,0,0,0,0,0,0,0,0,0,0,0,0,0,0,0,0,0,0,0,0,0,0,0,0,0,0,0,0,0,0,0,0,0,0,0,0,0,0,0,0,0,0],"m_StatusEffects":[],"m_Size":"Medium","IsRegenerate":{"$id":"226","m_Count":0},"Immortality":{"$id":"227","m_Count":0},"AllowDyingCondition":{"$id":"228","m_Count":0},"HasRend":{"$id":"229","m_Count":0},"ResurrectOnRest":{"$id":"230","m_Count":0},"GetUpWithoutAttackOfOpportunity":{"$id":"231","m_Count":0},"IsUntargetable":{"$id":"232","m_Count":0},"IsIgnoredByCombat":{"$id":"233","m_Count":0},"Prone":{"$id":"234","Active":false,"ShouldBeActive":false,"Duration":"00:00:00"},"Features":{"$id":"235","Infusion":{"$id":"236","m_Count":0},"LingeringPerformance":{"$id":"237","m_Count":0},"Manyshot":{"$id":"238","m_Count":0},"ShieldBash":{"$id":"239","m_Count":0},"RangedLegerdemain":{"$id":"240","m_Count":0},"WandMastery":{"$id":"241","m_Count":0},"EldritchWandMastery":{"$id":"242","m_Count":0},"JudgmentSwitch":{"$id":"243","m_Count":0},"SoloTactics":{"$id":"244","m_Count":0},"CannotBeFlanked":{"$id":"245","m_Count":0},"Pounce":{"$id":"246","m_Count":0},"NaturalSpell":{"$id":"247","m_Count":0},"DoubleSlice":{"$id":"248","m_Count":0},"ImmuneToArmorSpeedPenalty":{"$id":"249","m_Count":0},"KnifeMaster":{"$id":"250","m_Count":0},"FrighteningThug":{"$id":"251","m_Count":0},"Ferocity":{"$id":"252","m_Count":0},"HalfOrcFerocity":{"$id":"253","m_Count":0},"QuickenPerformance1":{"$id":"254","m_Count":0},"QuickenPerformance2":{"$id":"255","m_Count":0},"SingingSteel":{"$id":"256","m_Count":0},"ImprovedUnarmedStrike":{"$id":"257","m_Count":0},"DeflectArrows":{"$id":"258","m_Count":0},"IterativeNaturalAttacks":{"$id":"259","m_Count":0},"InfusedCurative":{"$id":"260","m_Count":0},"ScrollMastery":{"$id":"261","m_Count":0},"CompletelyImpatient":{"$id":"262","m_Count":0},"Endurance":{"$id":"263","m_Count":0},"HandOfMagusDan":{"$id":"264","m_Count":0},"MakeKnowledgeCheckUntrained":{"$id":"265","m_Count":0},"ImmunToMediumArmorSpeedPenalty":{"$id":"266","m_Count":0},"DuelistNoRetreat":{"$id":"267","m_Count":0},"SwordlordWeaponProwess":{"$id":"268","m_Count":0},"DuelingMastery":{"$id":"269","m_Count":0},"DuelistRiposte":{"$id":"270","m_Count":0},"PrimalMagicEssence":{"$id":"271","m_Count":0},"ShatterDefenses":{"$id":"272","m_Count":0},"WeaponFinesse":{"$id":"273","m_Count":0},"EffortlessDualWielding":{"$id":"274","m_Count":0},"ExtendPotion":{"$id":"275","m_Count":0}},"SpellCastingForbidden":{"$id":"276","m_Count":0},"ExAndSuAbilitiesForbidden":{"$id":"277","m_Count":0},"MagicItemsForbidden":{"$id":"278","m_Count":0},"RotationForbidden":{"$id":"279","m_Count":0},"CanRemoveFromParty":false,"Owner":{"$ref":"18"},"LifeState":"Conscious","IsInStealth":false,"IsPanicked":false,"IsFinallyDead":false,"DeathTime":"00:00:00","MarkedForDeath":false,"ForceKill":false},"Proficiencies":{"$id":"280","m_ArmorProficiencies":{"$id":"281","m_Data":[{"Key":"None","Value":1}]},"m_WeaponProficiencies":{"$id":"282","m_Data":[{"Key":"UnarmedStrike","Value":1},{"Key":"Bite","Value":1},{"Key":"Claw","Value":1},{"Key":"Gore","Value":1},{"Key":"Touch","Value":1},{"Key":"Ray","Value":1},{"Key":"OtherNaturalWeapons","Value":1}]}},"Alignment":{"$id":"283","m_Owner":{"$ref":"18"},"m_History":[{"$id":"284","Position":{"x":0.0,"y":0.0},"Direction":"TrueNeutral","Provider":null},{"$id":"285","Position":{"x":0.70710665,"y":-0.7071069},"Direction":"ChaoticEvil","Provider":null}],"Vector":{"x":0.70710665,"y":-0.7071069}},"Master":{"m_UniqueId":null},"CustomGender":null,"LeftHandedOverride":null,"CustomName":"","CustomAsks":null,"OverrideAsks":null,"ForcceUseClassEquipment":false,"Doll":null,"BirthDay":-1,"BirthMonth":-1,"CustomPrefabGuid":"","m_Pet":{"m_UniqueId":null},"m_AppliedFixers":null,"Blueprint":"77e61da1e30c6394581dee2bad5573ff","ReplaceBlueprintForInspection":null,"Unit":{"$ref":"15"},"Brain":{"$id":"286","Unit":{"$ref":"18"},"Blueprint":null,"Actions":[],"AvailableActions":[]},"Faction":"d75c5993785785d468211d9a1a3c87a6","IsEssentialForGame":false,"Encumbrance":"Light"},"Position":{"$type":"UnityEngine.Vector3, UnityEngine.CoreModule, Version=0.0.0.0, Culture=neutral, PublicKeyToken=null","x":1.9970001,"y":4.509611,"z":-15.3140011},"FlyHeight":0.0,"PreviousPosition":{"$type":"UnityEngine.Vector3, UnityEngine.CoreModule, Version=0.0.0.0, Culture=neutral, PublicKeyToken=null","x":0.0,"y":0.0,"z":0.0},"DesiredOrientation":0.0,"TimeToNextRoundTick":0.0,"IsBrainActive":true,"VisionRangeMetersOverride":0.0,"CachedPerceptionRoll":0,"IsHiddenBecauseDead":false,"IsDetached":false,"GiveExperienceOnDeath":true,"UniqueId":"6ccaaeeb-c0c0-4a36-b489-a66b70017dcb","ShouldBeDestroyed":false,"ShouldFadeOutViewAndDestroy":false},"LastPerceptionRollRank":[{"Key":{"m_UniqueId":"539cd1de-ea7d-4370-8591-e8a3035355a4"},"Value":1}],"FreeformData":{"m_Data":[]},"m_ComponentsData":[{"$id":"287","ComponentTypeName":"DisableTrapInteractionComponent","Data":{"$id":"288","$type":"Kingmaker.View.MapObjects.InteractionComponent+InteractionComponentPersistentData, Assembly-CSharp","PlayersClose":[],"AlreadyUnlocked":true,"Enabled":true}}],"m_IsInGame":false,"m_IsRevealed":true,"WasHighlightedOnReveal":true,"IsPerceptionCheckPassed":true,"UniqueId":"a07ee927-f59e-4c98-88c1-dcff3cf22b5d","ShouldBeDestroyed":false,"ShouldFadeOutViewAndDestroy":false},{"$id":"289","$type":"Kingmaker.EntitySystem.Entities.MapObjectEntityData, Assembly-CSharp","m_ComponentsData":[{"$id":"290","ComponentTypeName":"ShowBark","Data":{"$id":"291","$type":"Kingmaker.View.MapObjects.InteractionComponent+InteractionComponentPersistentData, Assembly-CSharp","PlayersClose":[],"AlreadyUnlocked":true,"Enabled":true}}],"LastPerceptionRollRank":[],"FreeformData":{"m_Data":[]},"m_IsInGame":true,"m_IsRevealed":true,"WasHighlightedOnReveal":false,"IsPerceptionCheckPassed":true,"UniqueId":"8d1141da-64ff-4510-a648-fee9988143ab","ShouldBeDestroyed":false,"ShouldFadeOutViewAndDestroy":false},{"$id":"292","$type":"Kingmaker.EntitySystem.Entities.MapObjectEntityData, Assembly-CSharp","m_ComponentsData":[{"$id":"293","ComponentTypeName":"ShowBark","Data":{"$id":"294","$type":"Kingmaker.View.MapObjects.InteractionComponent+InteractionComponentPersistentData, Assembly-CSharp","PlayersClose":[],"AlreadyUnlocked":true,"Enabled":true}}],"LastPerceptionRollRank":[],"FreeformData":{"m_Data":[]},"m_IsInGame":true,"m_IsRevealed":true,"WasHighlightedOnReveal":false,"IsPerceptionCheckPassed":true,"UniqueId":"a2b93807-2d7e-44fd-bc3f-b96a223f2cee","ShouldBeDestroyed":false,"ShouldFadeOutViewAndDestroy":false},{"$id":"295","$type":"Kingmaker.EntitySystem.Entities.MapObjectEntityData, Assembly-CSharp","m_ComponentsData":[{"$id":"296","ComponentTypeName":"ShowBark","Data":{"$id":"297","$type":"Kingmaker.View.MapObjects.InteractionComponent+InteractionComponentPersistentData, Assembly-CSharp","PlayersClose":[],"AlreadyUnlocked":true,"Enabled":true}}],"LastPerceptionRollRank":[],"FreeformData":{"m_Data":[]},"m_IsInGame":true,"m_IsRevealed":true,"WasHighlightedOnReveal":false,"IsPerceptionCheckPassed":true,"UniqueId":"4f47287c-73f4-4e31-a218-561020dfcae4","ShouldBeDestroyed":false,"ShouldFadeOutViewAndDestroy":false},{"$id":"298","$type":"Kingmaker.EntitySystem.Entities.MapObjectEntityData, Assembly-CSharp","m_ComponentsData":[{"$id":"299","ComponentTypeName":"ShowBark","Data":{"$id":"300","$type":"Kingmaker.View.MapObjects.InteractionComponent+InteractionComponentPersistentData, Assembly-CSharp","PlayersClose":[],"AlreadyUnlocked":false,"Enabled":true}}],"LastPerceptionRollRank":[],"FreeformData":{"m_Data":[]},"m_IsInGame":true,"m_IsRevealed":true,"WasHighlightedOnReveal":false,"IsPerceptionCheckPassed":true,"UniqueId":"2a52b42a-a21d-4518-a129-f9835d9b6dac","ShouldBeDestroyed":false,"ShouldFadeOutViewAndDestroy":false},{"$id":"301","$type":"Kingmaker.EntitySystem.Entities.MapObjectEntityData, Assembly-CSharp","m_ComponentsData":[{"$id":"302","ComponentTypeName":"ShowBark","Data":{"$id":"303","$type":"Kingmaker.View.MapObjects.InteractionComponent+InteractionComponentPersistentData, Assembly-CSharp","PlayersClose":[],"AlreadyUnlocked":true,"Enabled":true}}],"LastPerceptionRollRank":[],"FreeformData":{"m_Data":[]},"m_IsInGame":true,"m_IsRevealed":true,"WasHighlightedOnReveal":false,"IsPerceptionCheckPassed":true,"UniqueId":"03e06dcf-8297-431a-a361-09970d6ed611","ShouldBeDestroyed":false,"ShouldFadeOutViewAndDestroy":false},{"$id":"304","$type":"Kingmaker.EntitySystem.Entities.MapObjectEntityData, Assembly-CSharp","m_ComponentsData":[{"$id":"305","ComponentTypeName":"AreaTransition","Data":{"$id":"306","$type":"Kingmaker.View.MapObjects.AreaTransition+AreaTransitionData, Assembly-CSharp","AlreadyUnlocked":false}},{"$id":"307","ComponentTypeName":"LocalMapMarker","Data":{"$id":"308","$type":"Kingmaker.View.MapObjects.LocalMapMarker+MapMarkerData, Assembly-CSharp","Hidden":false}}],"LastPerceptionRollRank":[],"FreeformData":{"m_Data":[]},"m_IsInGame":true,"m_IsRevealed":true,"WasHighlightedOnReveal":true,"IsPerceptionCheckPassed":true,"UniqueId":"6601bd2f-2712-4e75-9d99-cbdd0d4c8d75","ShouldBeDestroyed":false,"ShouldFadeOutViewAndDestroy":false},{"$id":"309","$type":"Kingmaker.EntitySystem.Entities.MapObjectEntityData, Assembly-CSharp","m_ComponentsData":[{"$id":"310","ComponentTypeName":"LootComponent","Data":{"$id":"311","$type":"Kingmaker.View.MapObjects.LootComponent+LootPersistentData, Assembly-CSharp","Unit":null,"Loot":{"$id":"312","m_Items":[],"Owner":null},"m_KnownItems":[{"Key":"ea8288077ec1e5241a460f2e920bde13","Value":1}],"PlayersClose":[],"AlreadyUnlocked":true,"Enabled":false,"TriggeredTake":false,"TriggeredClose":false,"IsViewed":true}},{"$id":"313","ComponentTypeName":"LocalMapMarker","Data":{"$id":"314","$type":"Kingmaker.View.MapObjects.LocalMapMarker+MapMarkerData, Assembly-CSharp","Hidden":true}}],"LastPerceptionRollRank":[{"Key":{"m_UniqueId":"25c6b0ef-670e-48ce-ac22-93a3623930eb"},"Value":2}],"FreeformData":{"m_Data":[]},"m_IsInGame":true,"m_IsRevealed":true,"WasHighlightedOnReveal":true,"IsPerceptionCheckPassed":true,"UniqueId":"fbf51a6a-3b90-4e93-ab9d-2903acc8700c","ShouldBeDestroyed":false,"ShouldFadeOutViewAndDestroy":false},{"$ref":"15"},{"$id":"315","$type":"Kingmaker.AreaLogic.Cutscenes.CutscenePlayerData, Assembly-CSharp","m_QueuedAfter":null,"m_IsQueued":false,"m_Cutscene":"c2ee30170c308404c93e98ed98f26a4f","m_CutsceneData":{"$id":"316","Gate":"c2ee30170c308404c93e98ed98f26a4f","m_IsActivated":true,"IncomingTracks":null,"StartedTracks":[{"$id":"317","PlayTime":0.0,"IsPlaying":false,"StartGate":{"$ref":"316"},"EndGate":{"$id":"318","Gate":null,"m_IsActivated":false,"IncomingTracks":[{"$ref":"317"},{"$id":"319","PlayTime":0.0,"IsPlaying":false,"StartGate":{"$id":"320","Gate":"cf8595fa5424e98448c75a17176aeac5","m_IsActivated":true,"IncomingTracks":[{"$id":"321","PlayTime":0.51425641961395741,"IsPlaying":false,"StartGate":{"$ref":"316"},"EndGate":{"$ref":"320"},"TrackIndex":1,"CommandIndex":1,"SignalSent":false}],"StartedTracks":[{"$ref":"319"},{"$id":"322","PlayTime":0.0,"IsPlaying":false,"StartGate":{"$ref":"320"},"EndGate":{"$ref":"318"},"TrackIndex":1,"CommandIndex":2,"SignalSent":true},{"$id":"323","PlayTime":0.0,"IsPlaying":false,"StartGate":{"$ref":"320"},"EndGate":{"$ref":"318"},"TrackIndex":2,"CommandIndex":2,"SignalSent":true}]},"EndGate":{"$ref":"318"},"TrackIndex":0,"CommandIndex":2,"SignalSent":true},{"$ref":"322"},{"$ref":"323"},{"$id":"324","PlayTime":0.0,"IsPlaying":false,"StartGate":{"$ref":"320"},"EndGate":{"$ref":"318"},"TrackIndex":3,"CommandIndex":0,"SignalSent":false},{"$id":"325","PlayTime":263.515129070729,"IsPlaying":true,"StartGate":{"$ref":"316"},"EndGate":{"$ref":"318"},"TrackIndex":2,"CommandIndex":0,"SignalSent":false},{"$id":"326","PlayTime":263.515129070729,"IsPlaying":true,"StartGate":{"$ref":"316"},"EndGate":{"$ref":"318"},"TrackIndex":3,"CommandIndex":0,"SignalSent":false},{"$id":"327","PlayTime":263.515129070729,"IsPlaying":true,"StartGate":{"$ref":"316"},"EndGate":{"$ref":"318"},"TrackIndex":4,"CommandIndex":0,"SignalSent":false},{"$id":"328","PlayTime":263.515129070729,"IsPlaying":true,"StartGate":{"$ref":"316"},"EndGate":{"$ref":"318"},"TrackIndex":5,"CommandIndex":0,"SignalSent":false},{"$id":"329","PlayTime":0.0,"IsPlaying":false,"StartGate":{"$ref":"316"},"EndGate":{"$ref":"318"},"TrackIndex":6,"CommandIndex":0,"SignalSent":false}],"StartedTracks":null},"TrackIndex":0,"CommandIndex":2,"SignalSent":true},{"$ref":"321"},{"$ref":"325"},{"$ref":"326"},{"$ref":"327"},{"$ref":"328"}]},"m_ExitGate":{"$ref":"318"},"m_ActivatedGates":[{"$ref":"316"}],"Parameters":{"$id":"330","Params":[]},"m_Restart":false,"m_Remove":false,"FreeformData":{"m_Data":[]},"m_IsInGame":true,"m_IsRevealed":false,"PlayActionId":"$PlayCutscene$7474459f-8dda-48b2-9389-7e70cfec8fb0","Exclusive":false,"UniqueId":"381de2b0-452b-4b50-82fa-66f36d6a4794","ShouldBeDestroyed":false,"ShouldFadeOutViewAndDestroy":false}],"HasEntityData":true},"SummonPoolsManager":{"$id":"331","PersistentSummonPools":[{"$id":"332","m_Blueprint":"f7fd2f271f71e07458ef9400cc013a28","m_Units":[]}]},"ServiceCaster":{"m_UniqueId":null},"Encounter":null}