{"$id":"1","BitexSave":false,"m_NeedEnchantmentsFix":false,"SceneName":"OlegsTradingPost_FirstFloor_Mechanics","m_EntityData":[{"$id":"2","$type":"Kingmaker.View.Spawners.UnitSpawner+MyData, Assembly-CSharp","HasSpawned":false,"RespawnOnLoad":false,"m_SpawnedUnit":{"m_UniqueId":null},"LastPerceptionRollRank":[],"FreeformData":{"m_Data":[]},"m_IsInGame":true,"m_IsRevealed":false,"IsPerceptionCheckPassed":true,"UniqueId":"000b6fa1-1564-4ed6-9149-8b71f21a1614","ShouldBeDestroyed":false,"ShouldFadeOutViewAndDestroy":false},{"$id":"3","$type":"Kingmaker.View.Spawners.UnitSpawner+MyData, Assembly-CSharp","HasSpawned":false,"RespawnOnLoad":false,"m_SpawnedUnit":{"m_UniqueId":null},"LastPerceptionRollRank":[],"FreeformData":{"m_Data":[]},"m_IsInGame":true,"m_IsRevealed":false,"IsPerceptionCheckPassed":true,"UniqueId":"67d342b4-cc9f-42cd-a45c-81eabb7fa359","ShouldBeDestroyed":false,"ShouldFadeOutViewAndDestroy":false},{"$id":"4","$type":"Kingmaker.EntitySystem.Entities.MapObjectEntityData, Assembly-CSharp","m_ComponentsData":[{"$id":"5","ComponentTypeName":"LootComponent","Data":{"$id":"6","$type":"Kingmaker.View.MapObjects.LootComponent+LootPersistentData, Assembly-CSharp","Unit":null,"Loot":{"$id":"7","m_Items":[{"$id":"8","$type":"Kingmaker.Items.ItemEntitySimple, Assembly-CSharp","m_Blueprint":"29a240fdb2a2d8d46adb05fd4dde702d","m_Count":2,"m_InventorySlotIndex":0,"m_Enchantments":null,"m_FactsAppliedToWielder":null,"m_SkinningSuccessful":false,"m_IdentifyRolls":[],"Collection":{"$ref":"7"},"Wielder":null,"HoldingSlot":null,"Time":"00:00:00","Ability":null,"ActivatableAbility":null,"Charges":0,"IsIdentified":true,"SellTime":null,"IsNonRemovable":false}],"Owner":null},"m_KnownItems":[{"Key":"29a240fdb2a2d8d46adb05fd4dde702d","Value":2}],"PlayersClose":[],"AlreadyUnlocked":false,"Enabled":true,"TriggeredTake":false,"TriggeredClose":false,"IsViewed":false}},{"$id":"9","ComponentTypeName":"LocalMapMarker","Data":{"$id":"10","$type":"Kingmaker.View.MapObjects.LocalMapMarker+MapMarkerData, Assembly-CSharp","Hidden":false}}],"LastPerceptionRollRank":[],"FreeformData":{"m_Data":[]},"m_IsInGame":true,"m_IsRevealed":true,"WasHighlightedOnReveal":true,"IsPerceptionCheckPassed":true,"UniqueId":"ebbb27ec-4e62-4603-9ce8-145513ea84c2","ShouldBeDestroyed":false,"ShouldFadeOutViewAndDestroy":false},{"$id":"11","$type":"Kingmaker.EntitySystem.Entities.MapObjectEntityData, Assembly-CSharp","m_ComponentsData":[{"$id":"12","ComponentTypeName":"LootComponent","Data":{"$id":"13","$type":"Kingmaker.View.MapObjects.LootComponent+LootPersistentData, Assembly-CSharp","Unit":null,"Loot":{"$id":"14","m_Items":[{"$id":"15","$type":"Kingmaker.Items.ItemEntitySimple, Assembly-CSharp","m_Blueprint":"fc7271d09ff1e9541935f1cc195682c4","m_Count":2,"m_InventorySlotIndex":0,"m_Enchantments":null,"m_FactsAppliedToWielder":null,"m_SkinningSuccessful":false,"m_IdentifyRolls":[],"Collection":{"$ref":"14"},"Wielder":null,"HoldingSlot":null,"Time":"00:00:00","Ability":null,"ActivatableAbility":null,"Charges":0,"IsIdentified":true,"SellTime":null,"IsNonRemovable":false},{"$id":"16","$type":"Kingmaker.Items.ItemEntitySimple, Assembly-CSharp","m_Blueprint":"adaecb26730c2e840883bd8e632921e3","m_Count":1,"m_InventorySlotIndex":1,"m_Enchantments":null,"m_FactsAppliedToWielder":null,"m_SkinningSuccessful":false,"m_IdentifyRolls":[],"Collection":{"$ref":"14"},"Wielder":null,"HoldingSlot":null,"Time":"00:00:00","Ability":null,"ActivatableAbility":null,"Charges":0,"IsIdentified":true,"SellTime":null,"IsNonRemovable":false},{"$id":"17","$type":"Kingmaker.Items.ItemEntitySimple, Assembly-CSharp","m_Blueprint":"f486b44aa66cd784da6979a14a4ddc4d","m_Count":3,"m_InventorySlotIndex":2,"m_Enchantments":null,"m_FactsAppliedToWielder":null,"m_SkinningSuccessful":false,"m_IdentifyRolls":[],"Collection":{"$ref":"14"},"Wielder":null,"HoldingSlot":null,"Time":"00:00:00","Ability":null,"ActivatableAbility":null,"Charges":0,"IsIdentified":true,"SellTime":null,"IsNonRemovable":false},{"$id":"18","$type":"Kingmaker.Items.ItemEntitySimple, Assembly-CSharp","m_Blueprint":"012e57f834bf1ea4eb09236d67d106ca","m_Count":1,"m_InventorySlotIndex":3,"m_Enchantments":null,"m_FactsAppliedToWielder":null,"m_SkinningSuccessful":false,"m_IdentifyRolls":[],"Collection":{"$ref":"14"},"Wielder":null,"HoldingSlot":null,"Time":"00:00:00","Ability":null,"ActivatableAbility":null,"Charges":0,"IsIdentified":true,"SellTime":null,"IsNonRemovable":false}],"Owner":null},"m_KnownItems":[{"Key":"fc7271d09ff1e9541935f1cc195682c4","Value":2},{"Key":"adaecb26730c2e840883bd8e632921e3","Value":1},{"Key":"f486b44aa66cd784da6979a14a4ddc4d","Value":3},{"Key":"012e57f834bf1ea4eb09236d67d106ca","Value":1}],"PlayersClose":[],"AlreadyUnlocked":false,"Enabled":true,"TriggeredTake":false,"TriggeredClose":false,"IsViewed":false}},{"$id":"19","ComponentTypeName":"LocalMapMarker","Data":{"$id":"20","$type":"Kingmaker.View.MapObjects.LocalMapMarker+MapMarkerData, Assembly-CSharp","Hidden":false}}],"LastPerceptionRollRank":[],"FreeformData":{"m_Data":[]},"m_IsInGame":true,"m_IsRevealed":true,"WasHighlightedOnReveal":true,"IsPerceptionCheckPassed":true,"UniqueId":"07ad46a0-9afd-4171-aa2d-8061bf1430df","ShouldBeDestroyed":false,"ShouldFadeOutViewAndDestroy":false},{"$id":"21","$type":"Kingmaker.EntitySystem.Entities.MapObjectEntityData, Assembly-CSharp","m_ComponentsData":[{"$id":"22","ComponentTypeName":"LootComponent","Data":{"$id":"23","$type":"Kingmaker.View.MapObjects.LootComponent+LootPersistentData, Assembly-CSharp","Unit":null,"Loot":{"$id":"24","m_Items":[],"Owner":null},"m_KnownItems":[{"Key":"f2bc0997c24e573448c6c91d2be88afa","Value":253}],"PlayersClose":[],"AlreadyUnlocked":true,"Enabled":false,"TriggeredTake":false,"TriggeredClose":false,"IsViewed":true}},{"$id":"25","ComponentTypeName":"LocalMapMarker","Data":{"$id":"26","$type":"Kingmaker.View.MapObjects.LocalMapMarker+MapMarkerData, Assembly-CSharp","Hidden":true}}],"LastPerceptionRollRank":[{"Key":{"m_UniqueId":"539cd1de-ea7d-4370-8591-e8a3035355a4"},"Value":1}],"FreeformData":{"m_Data":[]},"m_IsInGame":true,"m_IsRevealed":true,"WasHighlightedOnReveal":true,"IsPerceptionCheckPassed":true,"UniqueId":"8039e8f1-32f1-4d99-98c1-c6f8a53bffdc","ShouldBeDestroyed":false,"ShouldFadeOutViewAndDestroy":false},{"$id":"27","$type":"Kingmaker.View.LocatorView+EntityData, Assembly-CSharp","FreeformData":{"m_Data":[]},"m_IsInGame":true,"m_IsRevealed":false,"UniqueId":"1bc0b02d-bab2-4495-b9e0-5a341e22172d","ShouldBeDestroyed":false,"ShouldFadeOutViewAndDestroy":false}],"HasEntityData":true}