{"$id":"1","m_Area":{"$id":"2","m_Parts":{"$id":"3","m_Facts":[{"$id":"4","Blueprint":"b1b9186a062e0104fbda3f77a71fd598","m_ComponentsData":[],"Initialized":true,"Active":false,"SourceItem":null,"SourceCutscene":null},{"$id":"5","Blueprint":"b2b9e15b96b60a6458e483d3efa2f9f8","m_ComponentsData":[],"Initialized":true,"Active":false,"SourceItem":null,"SourceCutscene":null}],"ActiveByDefault":false},"Blueprint":"ead426a6c23d39548a670ee515d77df4","m_ComponentsData":[{"$id":"6","ComponentName":"$SummonPoolTrigger$e1b1ade2-ef70-4b20-bee5-db910c2b714f"},{"$id":"7","ComponentName":"$DeactivateTrigger$eda33d1d-f70c-44b7-b1d7-8707753afd14"},{"$id":"8","ComponentName":"$ActivateTrigger$7069ce5d-975e-48be-b066-e154bd1f3a8c","m_AlreadyTriggered":true},{"$id":"9","ComponentName":"$ActivateTrigger$885c34d6-21f6-4539-9498-081b1c589e53","m_AlreadyTriggered":false},{"$id":"10","ComponentName":"$ActivateTrigger$61bcc01c-6fef-4cd8-8670-6fc2834ca1f2","m_AlreadyTriggered":true},{"$id":"11","ComponentName":"$ActivateTrigger$86591b65-a25f-43ff-8140-9d151d52213b","m_AlreadyTriggered":true},{"$id":"12","ComponentName":"$ActivateTrigger$008d953e-a857-4717-ae01-21a0b44e5ebd","m_AlreadyTriggered":true},{"$id":"13","ComponentName":"$UnitDeathTrigger$152a08f3-23c5-4599-a5b5-0545e9b2643a"},{"$id":"14","ComponentName":"$ActivateTrigger$428afb51-abd7-4c8d-ac2f-b52fa1578805","m_AlreadyTriggered":true},{"$id":"15","ComponentName":"$CapitalCompanionLogic$5a365809-fd7b-46fc-b1a7-3eb3cefc9ddc","LastPartyComposition":null,"m_NeedRestore":true},{"$id":"16","ComponentName":"$ActivateTrigger$3559b5a5-adc8-4099-8c32-344141bdf293","m_AlreadyTriggered":true},{"$id":"17","ComponentName":"$ActivateTrigger$8a7dc5cb-d707-4061-b0f9-dd7c511629b3","m_AlreadyTriggered":true},{"$id":"18","ComponentName":"$DeactivateTrigger$38e5d439-b692-4f7e-9ed7-9509b2b55274"},{"$id":"19","ComponentName":"$EvaluatedUnitHealthTrigger$ad3de472-8d38-48ae-8591-819d9e1135e8"},{"$id":"20","ComponentName":"$SummonPoolTrigger$f2e2ff78-fddc-465a-920b-cae073b89751"},{"$id":"21","ComponentName":"$ActivateTrigger$f8e8caf6-a537-4839-af99-fa9692f31a36","m_AlreadyTriggered":true},{"$id":"22","ComponentName":"$DeactivateTrigger$7c2e8c8e-8cb0-414b-89ba-d9b8a6b63882"},{"$id":"23","ComponentName":"$ActivateTrigger$ac4d20ef-d13c-436d-a7f8-55b8317cd5ab","m_AlreadyTriggered":false},{"$id":"24","ComponentName":"$ActivateTrigger$dfbf56ee-5150-47ab-9c65-0ef574312274","m_AlreadyTriggered":false},{"$id":"25","ComponentName":"$TurnOnTrigger$c539481a-25d9-416e-b76f-5c2788ca06c9"},{"$id":"26","ComponentName":"$ActivateTrigger$a09e0279-af4b-44c9-96c5-a04b46d8bcf6","m_AlreadyTriggered":true},{"$id":"27","ComponentName":"$ActivateTrigger$ef8579b2-9d5a-426a-abc1-7ac55f9743db","m_AlreadyTriggered":true},{"$id":"28","ComponentName":"$EvaluatedUnitCombatTrigger$55c292e7-bd39-49d0-9cd8-2247de75aa56"},{"$id":"29","ComponentName":"$EvaluatedUnitCombatTrigger$c64ecac6-9541-412a-b73c-f5497a38396c"},{"$id":"30","ComponentName":"$EvaluatedUnitDeathTrigger$7e6b06a3-47d9-47cf-a638-5130049dceee"},{"$id":"31","ComponentName":"$EvaluatedUnitHealthTrigger$ef1de7ba-f35d-4ef2-a825-7002385c9459"},{"$id":"32","ComponentName":"$SummonPoolTrigger$8d39b622-23f4-4ee2-9038-85a8b4dca76c"},{"$id":"33","ComponentName":"$EvaluatedUnitHealthTrigger$1120856a-9c88-499b-be95-a1512621e1bb"},{"$id":"34","ComponentName":"$DeactivateTrigger$27a6c41e-efaa-4e23-816b-e98eeed4e7a2"}],"Initialized":true,"Active":false,"SourceItem":null,"SourceCutscene":null},"m_MainState":{"$id":"35","BitexSave":false,"m_NeedEnchantmentsFix":false,"SceneName":"OlegsTradingPost_Mechanics","m_EntityData":[{"$id":"36","$type":"Kingmaker.View.Spawners.UnitSpawner+MyData, Assembly-CSharp","HasSpawned":false,"RespawnOnLoad":false,"m_SpawnedUnit":{"m_UniqueId":null},"LastPerceptionRollRank":[],"FreeformData":{"m_Data":[]},"m_IsInGame":true,"m_IsRevealed":false,"IsPerceptionCheckPassed":true,"UniqueId":"165a9957-22ad-4c32-9af2-be61a4a7b943","ShouldBeDestroyed":false,"ShouldFadeOutViewAndDestroy":false},{"$id":"37","$type":"Kingmaker.View.Spawners.UnitSpawner+MyData, Assembly-CSharp","HasSpawned":false,"RespawnOnLoad":false,"m_SpawnedUnit":{"m_UniqueId":null},"LastPerceptionRollRank":[],"FreeformData":{"m_Data":[]},"m_IsInGame":true,"m_IsRevealed":false,"IsPerceptionCheckPassed":true,"UniqueId":"9950bf2b-1ec8-4aee-a7f5-a9666add9031","ShouldBeDestroyed":false,"ShouldFadeOutViewAndDestroy":false},{"$id":"38","$type":"Kingmaker.View.Spawners.UnitSpawner+MyData, Assembly-CSharp","HasSpawned":false,"RespawnOnLoad":false,"m_SpawnedUnit":{"m_UniqueId":null},"LastPerceptionRollRank":[],"FreeformData":{"m_Data":[]},"m_IsInGame":true,"m_IsRevealed":false,"IsPerceptionCheckPassed":true,"UniqueId":"59b35e27-8a9b-4df3-b595-97353aea9c7e","ShouldBeDestroyed":false,"ShouldFadeOutViewAndDestroy":false},{"$id":"39","$type":"Kingmaker.View.Spawners.UnitSpawner+MyData, Assembly-CSharp","HasSpawned":false,"RespawnOnLoad":false,"m_SpawnedUnit":{"m_UniqueId":null},"LastPerceptionRollRank":[],"FreeformData":{"m_Data":[]},"m_IsInGame":true,"m_IsRevealed":false,"IsPerceptionCheckPassed":true,"UniqueId":"ff76ee17-d3dc-49e8-aa89-cff3fb6244ee","ShouldBeDestroyed":false,"ShouldFadeOutViewAndDestroy":false},{"$id":"40","$type":"Kingmaker.View.LocatorView+EntityData, Assembly-CSharp","FreeformData":{"m_Data":[]},"m_IsInGame":true,"m_IsRevealed":false,"UniqueId":"60dce81b-7753-449c-9b33-6c3ece3d1e47","ShouldBeDestroyed":false,"ShouldFadeOutViewAndDestroy":false},{"$id":"41","$type":"Kingmaker.View.LocatorView+EntityData, Assembly-CSharp","FreeformData":{"m_Data":[]},"m_IsInGame":true,"m_IsRevealed":false,"UniqueId":"7e286fe5-6a24-49ee-96b8-b77c0aa51d3f","ShouldBeDestroyed":false,"ShouldFadeOutViewAndDestroy":false},{"$id":"42","$type":"Kingmaker.EntitySystem.Entities.MapObjectEntityData, Assembly-CSharp","m_ComponentsData":[{"$id":"43","ComponentTypeName":"AreaTransition","Data":{"$id":"44","$type":"Kingmaker.View.MapObjects.AreaTransition+AreaTransitionData, Assembly-CSharp","AlreadyUnlocked":true}},{"$id":"45","ComponentTypeName":"LocalMapMarker","Data":{"$id":"46","$type":"Kingmaker.View.MapObjects.LocalMapMarker+MapMarkerData, Assembly-CSharp","Hidden":false}}],"LastPerceptionRollRank":[],"FreeformData":{"m_Data":[]},"m_IsInGame":true,"m_IsRevealed":true,"WasHighlightedOnReveal":true,"IsPerceptionCheckPassed":true,"UniqueId":"d9cae572-643b-4ef3-a425-f5d62dd634a1","ShouldBeDestroyed":false,"ShouldFadeOutViewAndDestroy":false},{"$id":"47","$type":"Kingmaker.EntitySystem.Entities.MapObjectEntityData, Assembly-CSharp","m_ComponentsData":[{"$id":"48","ComponentTypeName":"AreaTransition","Data":{"$id":"49","$type":"Kingmaker.View.MapObjects.AreaTransition+AreaTransitionData, Assembly-CSharp","AlreadyUnlocked":true}},{"$id":"50","ComponentTypeName":"LocalMapMarker","Data":{"$id":"51","$type":"Kingmaker.View.MapObjects.LocalMapMarker+MapMarkerData, Assembly-CSharp","Hidden":false}}],"LastPerceptionRollRank":[],"FreeformData":{"m_Data":[]},"m_IsInGame":true,"m_IsRevealed":true,"WasHighlightedOnReveal":true,"IsPerceptionCheckPassed":true,"UniqueId":"496f9563-1d89-4f15-98da-41ba84fb9280","ShouldBeDestroyed":false,"ShouldFadeOutViewAndDestroy":false},{"$id":"52","$type":"Kingmaker.EntitySystem.Entities.MapObjectEntityData, Assembly-CSharp","m_ComponentsData":[{"$id":"53","ComponentTypeName":"AreaTransition","Data":{"$id":"54","$type":"Kingmaker.View.MapObjects.AreaTransition+AreaTransitionData, Assembly-CSharp","AlreadyUnlocked":true}},{"$id":"55","ComponentTypeName":"LocalMapMarker","Data":{"$id":"56","$type":"Kingmaker.View.MapObjects.LocalMapMarker+MapMarkerData, Assembly-CSharp","Hidden":false}}],"LastPerceptionRollRank":[],"FreeformData":{"m_Data":[]},"m_IsInGame":true,"m_IsRevealed":true,"WasHighlightedOnReveal":true,"IsPerceptionCheckPassed":true,"UniqueId":"123e1732-6bdf-4492-992d-9b87e441f568","ShouldBeDestroyed":false,"ShouldFadeOutViewAndDestroy":false},{"$id":"57","$type":"Kingmaker.EntitySystem.Entities.MapObjectEntityData, Assembly-CSharp","m_ComponentsData":[{"$id":"58","ComponentTypeName":"ShowBark","Data":{"$id":"59","$type":"Kingmaker.View.MapObjects.InteractionComponent+InteractionComponentPersistentData, Assembly-CSharp","PlayersClose":[],"AlreadyUnlocked":true,"Enabled":true}}],"LastPerceptionRollRank":[],"FreeformData":{"m_Data":[]},"m_IsInGame":true,"m_IsRevealed":true,"WasHighlightedOnReveal":false,"IsPerceptionCheckPassed":true,"UniqueId":"e0b29b52-93ea-47e3-9a23-c218ac184b59","ShouldBeDestroyed":false,"ShouldFadeOutViewAndDestroy":false},{"$id":"60","$type":"Kingmaker.EntitySystem.Entities.MapObjectEntityData, Assembly-CSharp","m_ComponentsData":[{"$id":"61","ComponentTypeName":"ShowBark","Data":{"$id":"62","$type":"Kingmaker.View.MapObjects.InteractionComponent+InteractionComponentPersistentData, Assembly-CSharp","PlayersClose":[],"AlreadyUnlocked":false,"Enabled":true}}],"LastPerceptionRollRank":[],"FreeformData":{"m_Data":[]},"m_IsInGame":true,"m_IsRevealed":true,"WasHighlightedOnReveal":false,"IsPerceptionCheckPassed":true,"UniqueId":"9c91d646-1096-4dc0-a2a2-d718e38f9dc1","ShouldBeDestroyed":false,"ShouldFadeOutViewAndDestroy":false},{"$id":"63","$type":"Kingmaker.EntitySystem.Entities.MapObjectEntityData, Assembly-CSharp","m_ComponentsData":[{"$id":"64","ComponentTypeName":"ShowBark","Data":{"$id":"65","$type":"Kingmaker.View.MapObjects.InteractionComponent+InteractionComponentPersistentData, Assembly-CSharp","PlayersClose":[],"AlreadyUnlocked":false,"Enabled":true}}],"LastPerceptionRollRank":[],"FreeformData":{"m_Data":[]},"m_IsInGame":true,"m_IsRevealed":true,"WasHighlightedOnReveal":false,"IsPerceptionCheckPassed":true,"UniqueId":"dca5b138-6936-4bd7-b52f-d6a8ae344a58","ShouldBeDestroyed":false,"ShouldFadeOutViewAndDestroy":false},{"$id":"66","$type":"Kingmaker.EntitySystem.Entities.MapObjectEntityData, Assembly-CSharp","m_ComponentsData":[{"$id":"67","ComponentTypeName":"LootComponent","Data":{"$id":"68","$type":"Kingmaker.View.MapObjects.LootComponent+LootPersistentData, Assembly-CSharp","Unit":null,"Loot":{"$id":"69","m_Items":[],"Owner":null},"m_KnownItems":[{"Key":"29a240fdb2a2d8d46adb05fd4dde702d","Value":3}],"PlayersClose":[],"AlreadyUnlocked":true,"Enabled":false,"TriggeredTake":false,"TriggeredClose":false,"IsViewed":true}},{"$id":"70","ComponentTypeName":"LocalMapMarker","Data":{"$id":"71","$type":"Kingmaker.View.MapObjects.LocalMapMarker+MapMarkerData, Assembly-CSharp","Hidden":true}}],"LastPerceptionRollRank":[],"FreeformData":{"m_Data":[]},"m_IsInGame":true,"m_IsRevealed":true,"WasHighlightedOnReveal":true,"IsPerceptionCheckPassed":true,"UniqueId":"1fd237df-2db8-4b85-babe-2b4dc898796b","ShouldBeDestroyed":false,"ShouldFadeOutViewAndDestroy":false},{"$id":"72","$type":"Kingmaker.EntitySystem.Entities.MapObjectEntityData, Assembly-CSharp","m_ComponentsData":[{"$id":"73","ComponentTypeName":"LootComponent","Data":{"$id":"74","$type":"Kingmaker.View.MapObjects.LootComponent+LootPersistentData, Assembly-CSharp","Unit":null,"Loot":{"$id":"75","m_Items":[{"$id":"76","$type":"Kingmaker.Items.ItemEntitySimple, Assembly-CSharp","m_Blueprint":"ca1922a13065e284093c4e838a6c9976","m_Count":1,"m_InventorySlotIndex":0,"m_Enchantments":null,"m_FactsAppliedToWielder":null,"m_SkinningSuccessful":false,"m_IdentifyRolls":[],"Collection":{"$ref":"75"},"Wielder":null,"HoldingSlot":null,"Time":"00:00:00","Ability":null,"ActivatableAbility":null,"Charges":0,"IsIdentified":true,"SellTime":null,"IsNonRemovable":false},{"$id":"77","$type":"Kingmaker.Items.ItemEntitySimple, Assembly-CSharp","m_Blueprint":"f2bc0997c24e573448c6c91d2be88afa","m_Count":5,"m_InventorySlotIndex":1,"m_Enchantments":null,"m_FactsAppliedToWielder":null,"m_SkinningSuccessful":false,"m_IdentifyRolls":[],"Collection":{"$ref":"75"},"Wielder":null,"HoldingSlot":null,"Time":"00:00:00","Ability":null,"ActivatableAbility":null,"Charges":0,"IsIdentified":true,"SellTime":null,"IsNonRemovable":false}],"Owner":null},"m_KnownItems":[{"Key":"ca1922a13065e284093c4e838a6c9976","Value":1},{"Key":"f2bc0997c24e573448c6c91d2be88afa","Value":5}],"PlayersClose":[],"AlreadyUnlocked":false,"Enabled":true,"TriggeredTake":false,"TriggeredClose":false,"IsViewed":false}},{"$id":"78","ComponentTypeName":"LocalMapMarker","Data":{"$id":"79","$type":"Kingmaker.View.MapObjects.LocalMapMarker+MapMarkerData, Assembly-CSharp","Hidden":false}}],"LastPerceptionRollRank":[],"FreeformData":{"m_Data":[]},"m_IsInGame":true,"m_IsRevealed":false,"WasHighlightedOnReveal":false,"IsPerceptionCheckPassed":true,"UniqueId":"435674d1-60d4-47ee-83fe-0f62919a2eb6","ShouldBeDestroyed":false,"ShouldFadeOutViewAndDestroy":false},{"$id":"80","$type":"Kingmaker.EntitySystem.Entities.MapObjectEntityData, Assembly-CSharp","m_ComponentsData":[{"$id":"81","ComponentTypeName":"LootComponent","Data":{"$id":"82","$type":"Kingmaker.View.MapObjects.LootComponent+LootPersistentData, Assembly-CSharp","Unit":null,"Loot":{"$id":"83","m_Items":[{"$id":"84","$type":"Kingmaker.Items.ItemEntitySimple, Assembly-CSharp","m_Blueprint":"f2bc0997c24e573448c6c91d2be88afa","m_Count":2,"m_InventorySlotIndex":0,"m_Enchantments":null,"m_FactsAppliedToWielder":null,"m_SkinningSuccessful":false,"m_IdentifyRolls":[],"Collection":{"$ref":"83"},"Wielder":null,"HoldingSlot":null,"Time":"00:00:00","Ability":null,"ActivatableAbility":null,"Charges":0,"IsIdentified":true,"SellTime":null,"IsNonRemovable":false},{"$id":"85","$type":"Kingmaker.Items.ItemEntitySimple, Assembly-CSharp","m_Blueprint":"347f391695929a84eb4b99f327032fcf","m_Count":1,"m_InventorySlotIndex":1,"m_Enchantments":null,"m_FactsAppliedToWielder":null,"m_SkinningSuccessful":false,"m_IdentifyRolls":[],"Collection":{"$ref":"83"},"Wielder":null,"HoldingSlot":null,"Time":"00:00:00","Ability":null,"ActivatableAbility":null,"Charges":0,"IsIdentified":true,"SellTime":null,"IsNonRemovable":false}],"Owner":null},"m_KnownItems":[{"Key":"f2bc0997c24e573448c6c91d2be88afa","Value":2},{"Key":"347f391695929a84eb4b99f327032fcf","Value":1}],"PlayersClose":[],"AlreadyUnlocked":false,"Enabled":true,"TriggeredTake":false,"TriggeredClose":false,"IsViewed":false}},{"$id":"86","ComponentTypeName":"LocalMapMarker","Data":{"$id":"87","$type":"Kingmaker.View.MapObjects.LocalMapMarker+MapMarkerData, Assembly-CSharp","Hidden":false}}],"LastPerceptionRollRank":[],"FreeformData":{"m_Data":[]},"m_IsInGame":true,"m_IsRevealed":false,"WasHighlightedOnReveal":false,"IsPerceptionCheckPassed":true,"UniqueId":"be643a0e-6fd1-45e6-8c14-296120891d61","ShouldBeDestroyed":false,"ShouldFadeOutViewAndDestroy":false},{"$id":"88","$type":"Kingmaker.EntitySystem.Entities.MapObjectEntityData, Assembly-CSharp","m_ComponentsData":[{"$id":"89","ComponentTypeName":"LootComponent","Data":{"$id":"90","$type":"Kingmaker.View.MapObjects.LootComponent+LootPersistentData, Assembly-CSharp","Unit":null,"Loot":{"$id":"91","m_Items":[],"Owner":null},"m_KnownItems":[{"Key":"766689ccb57d9eb4f8fc88e2e85a919f","Value":1},{"Key":"1ef3760b4e359c140b124819f7011f67","Value":1},{"Key":"f2bc0997c24e573448c6c91d2be88afa","Value":10}],"PlayersClose":[],"AlreadyUnlocked":true,"Enabled":false,"TriggeredTake":false,"TriggeredClose":false,"IsViewed":true}},{"$id":"92","ComponentTypeName":"LocalMapMarker","Data":{"$id":"93","$type":"Kingmaker.View.MapObjects.LocalMapMarker+MapMarkerData, Assembly-CSharp","Hidden":true}}],"LastPerceptionRollRank":[],"FreeformData":{"m_Data":[]},"m_IsInGame":true,"m_IsRevealed":true,"WasHighlightedOnReveal":true,"IsPerceptionCheckPassed":true,"UniqueId":"a0b07b6b-ebe7-46a7-a255-699844acf822","ShouldBeDestroyed":false,"ShouldFadeOutViewAndDestroy":false},{"$id":"94","$type":"Kingmaker.EntitySystem.Entities.MapObjectEntityData, Assembly-CSharp","m_ComponentsData":[{"$id":"95","ComponentTypeName":"LootComponent","Data":{"$id":"96","$type":"Kingmaker.View.MapObjects.LootComponent+LootPersistentData, Assembly-CSharp","Unit":null,"Loot":{"$id":"97","m_Items":[{"$id":"98","$type":"Kingmaker.Items.ItemEntityWeapon, Assembly-CSharp","Second":null,"m_Blueprint":"19a5092244dcf99478dcd73c974828b1","m_Count":1,"m_InventorySlotIndex":0,"m_Enchantments":null,"m_FactsAppliedToWielder":null,"m_SkinningSuccessful":false,"m_IdentifyRolls":[],"ForceSecondary":false,"IsSecondPartOfDoubleWeapon":false,"IsShield":false,"Collection":{"$ref":"97"},"Wielder":null,"HoldingSlot":null,"Time":"00:00:00","Ability":null,"ActivatableAbility":null,"Charges":0,"IsIdentified":true,"SellTime":null,"IsNonRemovable":false},{"$id":"99","$type":"Kingmaker.Items.ItemEntityWeapon, Assembly-CSharp","Second":null,"m_Blueprint":"6fd0a849531617844b195f452661b2cd","m_Count":1,"m_InventorySlotIndex":1,"m_Enchantments":null,"m_FactsAppliedToWielder":null,"m_SkinningSuccessful":false,"m_IdentifyRolls":[],"ForceSecondary":false,"IsSecondPartOfDoubleWeapon":false,"IsShield":false,"Collection":{"$ref":"97"},"Wielder":null,"HoldingSlot":null,"Time":"00:00:00","Ability":null,"ActivatableAbility":null,"Charges":0,"IsIdentified":true,"SellTime":null,"IsNonRemovable":false},{"$id":"100","$type":"Kingmaker.Items.ItemEntityShield, Assembly-CSharp","ArmorComponent":{"$id":"101","m_ModifierDescriptor":"Shield","m_Modifiers":null,"m_DexBonusLimeterAC":null,"m_Blueprint":"cc094148611ee2040952b007940d7d18","m_Count":1,"m_InventorySlotIndex":-1,"m_Enchantments":null,"m_FactsAppliedToWielder":null,"m_SkinningSuccessful":false,"m_IdentifyRolls":[],"Collection":null,"Wielder":null,"HoldingSlot":null,"Time":"00:00:00","Ability":null,"ActivatableAbility":null,"Charges":0,"IsIdentified":true,"SellTime":null,"IsNonRemovable":false},"WeaponComponent":null,"m_Blueprint":"78aef04821150bd479314bc974ea73e2","m_Count":1,"m_InventorySlotIndex":2,"m_Enchantments":null,"m_FactsAppliedToWielder":null,"m_SkinningSuccessful":false,"m_IdentifyRolls":[],"Collection":{"$ref":"97"},"Wielder":null,"HoldingSlot":null,"Time":"00:00:00","Ability":null,"ActivatableAbility":null,"Charges":0,"IsIdentified":true,"SellTime":null,"IsNonRemovable":false},{"$id":"102","$type":"Kingmaker.Items.ItemEntityShield, Assembly-CSharp","ArmorComponent":{"$id":"103","m_ModifierDescriptor":"Shield","m_Modifiers":null,"m_DexBonusLimeterAC":null,"m_Blueprint":"cc094148611ee2040952b007940d7d18","m_Count":1,"m_InventorySlotIndex":-1,"m_Enchantments":null,"m_FactsAppliedToWielder":null,"m_SkinningSuccessful":false,"m_IdentifyRolls":[],"Collection":null,"Wielder":null,"HoldingSlot":null,"Time":"00:00:00","Ability":null,"ActivatableAbility":null,"Charges":0,"IsIdentified":true,"SellTime":null,"IsNonRemovable":false},"WeaponComponent":null,"m_Blueprint":"78aef04821150bd479314bc974ea73e2","m_Count":1,"m_InventorySlotIndex":3,"m_Enchantments":null,"m_FactsAppliedToWielder":null,"m_SkinningSuccessful":false,"m_IdentifyRolls":[],"Collection":{"$ref":"97"},"Wielder":null,"HoldingSlot":null,"Time":"00:00:00","Ability":null,"ActivatableAbility":null,"Charges":0,"IsIdentified":true,"SellTime":null,"IsNonRemovable":false}],"Owner":null},"m_KnownItems":[{"Key":"19a5092244dcf99478dcd73c974828b1","Value":1},{"Key":"6fd0a849531617844b195f452661b2cd","Value":1},{"Key":"78aef04821150bd479314bc974ea73e2","Value":2}],"PlayersClose":[],"AlreadyUnlocked":false,"Enabled":true,"TriggeredTake":false,"TriggeredClose":false,"IsViewed":false}},{"$id":"104","ComponentTypeName":"LocalMapMarker","Data":{"$id":"105","$type":"Kingmaker.View.MapObjects.LocalMapMarker+MapMarkerData, Assembly-CSharp","Hidden":false}}],"LastPerceptionRollRank":[],"FreeformData":{"m_Data":[]},"m_IsInGame":true,"m_IsRevealed":false,"WasHighlightedOnReveal":false,"IsPerceptionCheckPassed":true,"UniqueId":"56f0297b-2b1c-4a91-a1a5-6cd42fb467ee","ShouldBeDestroyed":false,"ShouldFadeOutViewAndDestroy":false},{"$id":"106","$type":"Kingmaker.View.Spawners.UnitSpawner+MyData, Assembly-CSharp","HasSpawned":true,"RespawnOnLoad":false,"m_SpawnedUnit":{"m_UniqueId":"e0f507b5-ad51-4180-ab21-4d0885fd1329"},"LastPerceptionRollRank":[],"FreeformData":{"m_Data":[]},"m_IsInGame":true,"m_IsRevealed":false,"IsPerceptionCheckPassed":true,"UniqueId":"b166e08b-98c5-44ba-97f6-9b3bdf8e8c04","ShouldBeDestroyed":false,"ShouldFadeOutViewAndDestroy":false},{"$id":"107","$type":"Kingmaker.View.LocatorView+EntityData, Assembly-CSharp","FreeformData":{"m_Data":[]},"m_IsInGame":true,"m_IsRevealed":false,"UniqueId":"7853073f-4c9d-462c-bc45-6354ce33d45a","ShouldBeDestroyed":false,"ShouldFadeOutViewAndDestroy":false},{"$id":"108","$type":"Kingmaker.View.LocatorView+EntityData, Assembly-CSharp","FreeformData":{"m_Data":[]},"m_IsInGame":true,"m_IsRevealed":false,"UniqueId":"281ea4f2-42a7-457d-9721-8df2dce4786f","ShouldBeDestroyed":false,"ShouldFadeOutViewAndDestroy":false},{"$id":"109","$type":"Kingmaker.View.LocatorView+EntityData, Assembly-CSharp","FreeformData":{"m_Data":[]},"m_IsInGame":true,"m_IsRevealed":false,"UniqueId":"7a04f9b5-9842-4a34-82a5-7d1cbb19fcde","ShouldBeDestroyed":false,"ShouldFadeOutViewAndDestroy":false},{"$id":"110","$type":"Kingmaker.View.LocatorView+EntityData, Assembly-CSharp","FreeformData":{"m_Data":[]},"m_IsInGame":true,"m_IsRevealed":false,"UniqueId":"7e69d088-4f41-4983-b0bf-2768f98a69e8","ShouldBeDestroyed":false,"ShouldFadeOutViewAndDestroy":false},{"$id":"111","$type":"Kingmaker.View.LocatorView+EntityData, Assembly-CSharp","FreeformData":{"m_Data":[]},"m_IsInGame":true,"m_IsRevealed":false,"UniqueId":"e286b38d-3729-4e78-898a-5b789a0d2734","ShouldBeDestroyed":false,"ShouldFadeOutViewAndDestroy":false},{"$id":"112","$type":"Kingmaker.View.LocatorView+EntityData, Assembly-CSharp","FreeformData":{"m_Data":[]},"m_IsInGame":true,"m_IsRevealed":false,"UniqueId":"64113c6a-28f4-4497-b850-9d756a072692","ShouldBeDestroyed":false,"ShouldFadeOutViewAndDestroy":false},{"$id":"113","$type":"Kingmaker.View.LocatorView+EntityData, Assembly-CSharp","FreeformData":{"m_Data":[]},"m_IsInGame":true,"m_IsRevealed":false,"UniqueId":"c5f8463b-6cd0-4d5b-8858-934851e600f1","ShouldBeDestroyed":false,"ShouldFadeOutViewAndDestroy":false},{"$id":"114","$type":"Kingmaker.View.LocatorView+EntityData, Assembly-CSharp","FreeformData":{"m_Data":[]},"m_IsInGame":true,"m_IsRevealed":false,"UniqueId":"e2f8d6f0-8e96-46f9-9f33-038a38efd57c","ShouldBeDestroyed":false,"ShouldFadeOutViewAndDestroy":false},{"$id":"115","$type":"Kingmaker.View.LocatorView+EntityData, Assembly-CSharp","FreeformData":{"m_Data":[]},"m_IsInGame":true,"m_IsRevealed":false,"UniqueId":"4ce0dd1a-8869-42f3-b40f-7f13c4dfe5dc","ShouldBeDestroyed":false,"ShouldFadeOutViewAndDestroy":false},{"$id":"116","$type":"Kingmaker.EntitySystem.Entities.UnitEntityData, Assembly-CSharp","m_GroupId":"e0f507b5-ad51-4180-ab21-4d0885fd1329","m_SavedRagdoll":null,"m_AiEnabled":true,"m_Orientation":349.990753,"HoldState":false,"Stealth":{"$id":"117","m_SpottedBy":[],"CachedRoll":0,"FullSpeed":false,"ShouldExitStealth":false,"WantEnterStealth":false,"LastNearEnemyTime":"00:00:00","NearEnemyPenalty":0.0,"ForceEnterStealth":false,"BecameInvisibleThisFrame":false,"InAmbush":false,"AmbushJoinCombatDistance":0.0},"m_AutoUseAbility":null,"SpawnPosition":{"$type":"UnityEngine.Vector3, UnityEngine.CoreModule, Version=0.0.0.0, Culture=neutral, PublicKeyToken=null","x":16.2,"y":-4.60840034,"z":-14.358},"Sleepless":false,"PreventDirectControl":{"$id":"118","m_Count":0},"m_IsDeathRevealed":false,"FreeformData":{"m_Data":[]},"m_IsInGame":true,"m_IsRevealed":true,"LastMoveTime":"00:00:00","Descriptor":{"$id":"119","m_Inventory":{"$id":"120","m_Items":[{"$id":"121","$type":"Kingmaker.Items.ItemEntityShield, Assembly-CSharp","ArmorComponent":{"$id":"122","m_ModifierDescriptor":"Shield","m_Modifiers":[{"$id":"123","ModDescriptor":"Shield","StackMode":"Default","ModValue":7,"Source":null,"SourceComponent":null,"ItemSource":{"$ref":"122"}},{"$id":"124","ModDescriptor":"Shield","StackMode":"Default","ModValue":-1,"Source":null,"SourceComponent":null,"ItemSource":{"$ref":"122"}},{"$id":"125","ModDescriptor":"Shield","StackMode":"Default","ModValue":-1,"Source":null,"SourceComponent":null,"ItemSource":{"$ref":"122"}},{"$id":"126","ModDescriptor":"Shield","StackMode":"Default","ModValue":-1,"Source":null,"SourceComponent":null,"ItemSource":{"$ref":"122"}},{"$id":"127","ModDescriptor":"Shield","StackMode":"Default","ModValue":-1,"Source":null,"SourceComponent":null,"ItemSource":{"$ref":"122"}}],"m_DexBonusLimeterAC":null,"m_Blueprint":"ead357f92fdbb634eb8ff511e04c5270","m_Count":1,"m_InventorySlotIndex":-1,"m_Enchantments":{"$id":"128","m_Facts":[{"$id":"129","$type":"Kingmaker.Blueprints.Items.Ecnchantments.ItemEnchantment, Assembly-CSharp","m_ParentContext":null,"m_CurrentContext":{"$id":"130","m_OwnerDescriptor":{"$ref":"119"},"m_CasterReference":{"m_UniqueId":"e0f507b5-ad51-4180-ab21-4d0885fd1329"},"m_Ranks":[0,0,0,0,0,0,0],"m_SharedValues":[0,0,0,0,0,0],"m_Params":null,"AssociatedBlueprint":"84d191a748edef84ba30c13b8ab83bd9","ParentContext":null,"m_MainTarget":null,"Params":{"SpellSource":"Unknown","CasterLevel":1,"SpellLevel":1,"DC":11},"SpellDescriptor":"None","SpellSchool":"None","SpellLevel":0,"Direction":{"$type":"UnityEngine.Vector3, UnityEngine.CoreModule, Version=0.0.0.0, Culture=neutral, PublicKeyToken=null","x":0.0,"y":0.0,"z":0.0}},"Blueprint":"84d191a748edef84ba30c13b8ab83bd9","m_ComponentsData":[{"$id":"131","ComponentName":"$ArmorEnhancementBonus$3b531e97-77d2-4289-952b-19d68e22b272"},{"$id":"132","ComponentName":"$AdvanceArmorStats$e517aa19-8ab6-4751-a4d3-e6ab75af94b8"}],"EndTime":"00:00:00","RemoveOnUnequipItem":false,"Owner":{"$ref":"122"},"Initialized":true,"Active":true,"SourceItem":null,"SourceCutscene":{"$id":"133","EntityId":"2f191b7a-fc6b-441e-9841-e8e096e5535f","Name":"OTP_NyrissaRestCutscene","State":"OlegsTradingPost_Mechanics"}}],"Owner":{"$ref":"122"},"ActiveByDefault":true},"m_FactsAppliedToWielder":[],"m_SkinningSuccessful":false,"m_IdentifyRolls":[],"Collection":null,"Wielder":{"$ref":"119"},"HoldingSlot":null,"Time":"00:00:00","Ability":null,"ActivatableAbility":null,"Charges":0,"IsIdentified":false,"SellTime":null,"IsNonRemovable":false},"WeaponComponent":{"$id":"134","Second":null,"m_Blueprint":"ff8047f887565284e93773b4a698c393","m_Count":1,"m_InventorySlotIndex":-1,"m_Enchantments":null,"m_FactsAppliedToWielder":[],"m_SkinningSuccessful":false,"m_IdentifyRolls":[],"ForceSecondary":false,"IsSecondPartOfDoubleWeapon":false,"IsShield":true,"Collection":null,"Wielder":{"$ref":"119"},"HoldingSlot":null,"Time":"00:00:00","Ability":null,"ActivatableAbility":null,"Charges":0,"IsIdentified":true,"SellTime":null,"IsNonRemovable":false},"m_Blueprint":"0b09d902ff100524dbec6e3d3d93dc3b","m_Count":1,"m_InventorySlotIndex":-1,"m_Enchantments":null,"m_FactsAppliedToWielder":[],"m_SkinningSuccessful":false,"m_IdentifyRolls":[],"Collection":{"$ref":"120"},"Wielder":{"$ref":"119"},"HoldingSlot":{"$id":"135","$type":"Kingmaker.Items.Slots.HandSlot, Assembly-CSharp","Owner":{"$ref":"119"},"Lock":{"$id":"136","m_Count":0},"m_Item":{"$ref":"121"},"m_DeactivateFlag":{"$id":"137","m_Count":0},"m_Active":true},"Time":"00:00:00","Ability":null,"ActivatableAbility":null,"Charges":0,"IsIdentified":false,"SellTime":null,"IsNonRemovable":false}],"Owner":{"$ref":"119"}},"m_Damage":0,"m_Spellbooks":[],"m_Parts":{"$id":"138","m_Parts":[],"m_Owner":{"$ref":"119"}},"Stats":{"$id":"139","HitPoints":{"$id":"140","m_BaseStat":"Constitution","m_Stats":{"$ref":"139"},"m_BaseStatModifier":{"$id":"141","ModDescriptor":"BaseStatBonus","StackMode":"Default","ModValue":10,"Source":null,"SourceComponent":null,"ItemSource":null},"Type":"HitPoints","m_DependentFacts":null,"m_BaseValue":1055,"m_Dependents":null,"PermanentValue":1055,"PersistentModifierList":[{"$ref":"141"}]},"TemporaryHitPoints":{"$id":"142","Type":"TemporaryHitPoints","m_DependentFacts":null,"m_BaseValue":0,"m_Dependents":null,"PermanentValue":0,"PersistentModifierList":null},"AC":{"$id":"143","m_Stats":{"$ref":"139"},"m_DexBonusLimiters":null,"m_DexBonus":{"$id":"144","ModDescriptor":"DexterityBonus","StackMode":"Default","ModValue":0,"Source":null,"SourceComponent":null,"ItemSource":null},"Type":"AC","m_DependentFacts":null,"m_BaseValue":10,"m_Dependents":null,"PermanentValue":10,"PersistentModifierList":[{"$ref":"144"},{"$id":"145","ModDescriptor":"Size","StackMode":"Default","ModValue":0,"Source":null,"SourceComponent":null,"ItemSource":null},{"$ref":"123"}]},"AdditionalAttackBonus":{"$id":"146","Type":"AdditionalAttackBonus","m_BaseValue":0,"m_Dependents":null,"m_DependentFacts":null,"PermanentValue":0,"PersistentModifierList":[{"$id":"147","ModDescriptor":"Size","StackMode":"Default","ModValue":0,"Source":null,"SourceComponent":null,"ItemSource":null}]},"AdditionalDamage":{"$id":"148","Type":"AdditionalDamage","m_BaseValue":0,"m_Dependents":null,"m_DependentFacts":null,"PermanentValue":0,"PersistentModifierList":null},"BaseAttackBonus":{"$id":"149","Type":"BaseAttackBonus","m_BaseValue":10,"m_Dependents":null,"m_DependentFacts":null,"PermanentValue":10,"PersistentModifierList":null},"AttackOfOpportunityCount":{"$id":"150","Type":"AttackOfOpportunityCount","m_BaseValue":1,"m_Dependents":null,"m_DependentFacts":null,"PermanentValue":1,"PersistentModifierList":null},"Speed":{"$id":"151","Type":"Speed","m_DependentFacts":null,"m_BaseValue":30,"m_Dependents":null,"PermanentValue":30,"PersistentModifierList":null},"Charisma":{"$id":"152","m_Disabled":{"$id":"153","m_Count":0},"Type":"Charisma","m_DependentFacts":null,"m_BaseValue":10,"m_Dependents":[{"$id":"154","$type":"Kingmaker.EntitySystem.Stats.ModifiableValueSkill, Assembly-CSharp","BaseStat":{"$ref":"152"},"ClassSkill":{"$id":"155","m_Count":0},"Type":"SkillPersuasion","m_DependentFacts":null,"m_BaseValue":0,"m_Dependents":[{"$id":"156","$type":"Kingmaker.EntitySystem.Stats.ModifiableValueDependant, Assembly-CSharp","BaseStat":{"$ref":"154"},"Type":"CheckBluff","m_DependentFacts":null,"m_BaseValue":0,"m_Dependents":null,"PermanentValue":0,"PersistentModifierList":null},{"$id":"157","$type":"Kingmaker.EntitySystem.Stats.ModifiableValueDependant, Assembly-CSharp","BaseStat":{"$ref":"154"},"Type":"CheckDiplomacy","m_DependentFacts":null,"m_BaseValue":0,"m_Dependents":null,"PermanentValue":0,"PersistentModifierList":null},{"$id":"158","$type":"Kingmaker.EntitySystem.Stats.ModifiableValueDependant, Assembly-CSharp","BaseStat":{"$ref":"154"},"Type":"CheckIntimidate","m_DependentFacts":null,"m_BaseValue":0,"m_Dependents":null,"PermanentValue":0,"PersistentModifierList":null}],"PermanentValue":0,"PersistentModifierList":null},{"$id":"159","$type":"Kingmaker.EntitySystem.Stats.ModifiableValueSkill, Assembly-CSharp","BaseStat":{"$ref":"152"},"ClassSkill":{"$id":"160","m_Count":0},"Type":"SkillUseMagicDevice","m_DependentFacts":null,"m_BaseValue":0,"m_Dependents":null,"PermanentValue":0,"PersistentModifierList":null}],"PermanentValue":10,"PersistentModifierList":[]},"AdditionalCMB":{"$id":"161","Type":"AdditionalCMB","m_BaseValue":0,"m_Dependents":null,"m_DependentFacts":null,"PermanentValue":0,"PersistentModifierList":null},"AdditionalCMD":{"$id":"162","Type":"AdditionalCMD","m_BaseValue":0,"m_Dependents":null,"m_DependentFacts":null,"PermanentValue":0,"PersistentModifierList":null},"Constitution":{"$id":"163","m_Disabled":{"$id":"164","m_Count":0},"Type":"Constitution","m_DependentFacts":null,"m_BaseValue":10,"m_Dependents":[{"$ref":"140"},{"$id":"165","$type":"Kingmaker.EntitySystem.Stats.ModifiableValueSavingThrow, Assembly-CSharp","BaseStat":{"$ref":"163"},"Type":"SaveFortitude","m_DependentFacts":null,"m_BaseValue":7,"m_Dependents":null,"PermanentValue":8,"PersistentModifierList":null}],"PermanentValue":12,"PersistentModifierList":[{"$id":"166","ModDescriptor":"Racial","StackMode":"Default","ModValue":2,"Source":{"$id":"167","$type":"Kingmaker.UnitLogic.Feature, Assembly-CSharp","m_Context":{"$id":"168","m_OwnerDescriptor":{"$ref":"119"},"m_CasterReference":{"m_UniqueId":"e0f507b5-ad51-4180-ab21-4d0885fd1329"},"m_Ranks":[0,0,0,0,0,0,0],"m_SharedValues":[0,0,0,0,0,0],"m_Params":null,"AssociatedBlueprint":"0a5d473ead98b0646b94495af250fdc4","ParentContext":null,"m_MainTarget":null,"Params":{"SpellSource":"Unknown","CasterLevel":1,"SpellLevel":1,"DC":11},"SpellDescriptor":"None","SpellSchool":"None","SpellLevel":0,"Direction":{"$type":"UnityEngine.Vector3, UnityEngine.CoreModule, Version=0.0.0.0, Culture=neutral, PublicKeyToken=null","x":0.0,"y":0.0,"z":0.0}},"Blueprint":"0a5d473ead98b0646b94495af250fdc4","m_ComponentsData":[],"Rank":1,"Source":null,"Param":null,"IgnorePrerequisites":true,"Owner":{"$ref":"119"},"Initialized":true,"Active":true,"SourceItem":null,"SourceCutscene":{"$id":"169","EntityId":"2f191b7a-fc6b-441e-9841-e8e096e5535f","Name":"OTP_NyrissaRestCutscene","State":"OlegsTradingPost_Mechanics"}},"SourceComponent":null,"ItemSource":null}]},"Dexterity":{"$id":"170","m_Disabled":{"$id":"171","m_Count":0},"Type":"Dexterity","m_DependentFacts":null,"m_BaseValue":10,"m_Dependents":[{"$ref":"143"},{"$id":"172","$type":"Kingmaker.EntitySystem.Stats.ModifiableValueSavingThrow, Assembly-CSharp","BaseStat":{"$ref":"170"},"Type":"SaveReflex","m_DependentFacts":null,"m_BaseValue":3,"m_Dependents":null,"PermanentValue":3,"PersistentModifierList":null},{"$id":"173","$type":"Kingmaker.EntitySystem.Stats.ModifiableValueSkill, Assembly-CSharp","BaseStat":{"$ref":"170"},"ClassSkill":{"$id":"174","m_Count":0},"Type":"SkillMobility","m_DependentFacts":null,"m_BaseValue":0,"m_Dependents":null,"PermanentValue":0,"PersistentModifierList":[{"$ref":"124"}]},{"$id":"175","$type":"Kingmaker.EntitySystem.Stats.ModifiableValueSkill, Assembly-CSharp","BaseStat":{"$ref":"170"},"ClassSkill":{"$id":"176","m_Count":0},"Type":"SkillThievery","m_DependentFacts":null,"m_BaseValue":0,"m_Dependents":null,"PermanentValue":0,"PersistentModifierList":[{"$ref":"126"}]},{"$id":"177","$type":"Kingmaker.EntitySystem.Stats.ModifiableValueSkill, Assembly-CSharp","BaseStat":{"$ref":"170"},"ClassSkill":{"$id":"178","m_Count":0},"Type":"SkillStealth","m_DependentFacts":null,"m_BaseValue":0,"m_Dependents":null,"PermanentValue":0,"PersistentModifierList":[{"$id":"179","ModDescriptor":"Size","StackMode":"Default","ModValue":0,"Source":null,"SourceComponent":null,"ItemSource":null},{"$ref":"127"}]},{"$id":"180","$type":"Kingmaker.EntitySystem.Stats.ModifiableValueInitiative, Assembly-CSharp","m_Dexterity":{"$ref":"170"},"m_DexBonus":{"$id":"181","ModDescriptor":"DexterityBonus","StackMode":"Default","ModValue":0,"Source":null,"SourceComponent":null,"ItemSource":null},"Type":"Initiative","m_DependentFacts":null,"m_BaseValue":0,"m_Dependents":null,"PermanentValue":0,"PersistentModifierList":[{"$ref":"181"}]}],"PermanentValue":10,"PersistentModifierList":[]},"Intelligence":{"$id":"182","m_Disabled":{"$id":"183","m_Count":0},"Type":"Intelligence","m_DependentFacts":null,"m_BaseValue":10,"m_Dependents":[{"$id":"184","$type":"Kingmaker.EntitySystem.Stats.ModifiableValueSkill, Assembly-CSharp","BaseStat":{"$ref":"182"},"ClassSkill":{"$id":"185","m_Count":0},"Type":"SkillKnowledgeArcana","m_DependentFacts":null,"m_BaseValue":0,"m_Dependents":null,"PermanentValue":0,"PersistentModifierList":null},{"$id":"186","$type":"Kingmaker.EntitySystem.Stats.ModifiableValueSkill, Assembly-CSharp","BaseStat":{"$ref":"182"},"ClassSkill":{"$id":"187","m_Count":0},"Type":"SkillKnowledgeWorld","m_DependentFacts":null,"m_BaseValue":0,"m_Dependents":null,"PermanentValue":0,"PersistentModifierList":null}],"PermanentValue":10,"PersistentModifierList":[]},"Owner":{"$ref":"119"},"SaveFortitude":{"$ref":"165"},"SaveReflex":{"$ref":"172"},"SaveWill":{"$id":"188","BaseStat":{"$id":"189","m_Disabled":{"$id":"190","m_Count":0},"Type":"Wisdom","m_DependentFacts":null,"m_BaseValue":10,"m_Dependents":[{"$ref":"188"},{"$id":"191","$type":"Kingmaker.EntitySystem.Stats.ModifiableValueSkill, Assembly-CSharp","BaseStat":{"$ref":"189"},"ClassSkill":{"$id":"192","m_Count":0},"Type":"SkillPerception","m_DependentFacts":null,"m_BaseValue":0,"m_Dependents":null,"PermanentValue":0,"PersistentModifierList":[]},{"$id":"193","$type":"Kingmaker.EntitySystem.Stats.ModifiableValueSkill, Assembly-CSharp","BaseStat":{"$ref":"189"},"ClassSkill":{"$id":"194","m_Count":10},"Type":"SkillLoreNature","m_DependentFacts":null,"m_BaseValue":0,"m_Dependents":null,"PermanentValue":0,"PersistentModifierList":null},{"$id":"195","$type":"Kingmaker.EntitySystem.Stats.ModifiableValueSkill, Assembly-CSharp","BaseStat":{"$ref":"189"},"ClassSkill":{"$id":"196","m_Count":0},"Type":"SkillLoreReligion","m_DependentFacts":null,"m_BaseValue":0,"m_Dependents":null,"PermanentValue":0,"PersistentModifierList":null}],"PermanentValue":10,"PersistentModifierList":[]},"Type":"SaveWill","m_DependentFacts":null,"m_BaseValue":3,"m_Dependents":null,"PermanentValue":3,"PersistentModifierList":null},"SkillMobility":{"$ref":"173"},"SkillAthletics":{"$id":"197","BaseStat":{"$id":"198","m_Disabled":{"$id":"199","m_Count":0},"Type":"Strength","m_DependentFacts":null,"m_BaseValue":10,"m_Dependents":[{"$ref":"197"}],"PermanentValue":10,"PersistentModifierList":[]},"ClassSkill":{"$id":"200","m_Count":10},"Type":"SkillAthletics","m_DependentFacts":null,"m_BaseValue":0,"m_Dependents":null,"PermanentValue":0,"PersistentModifierList":[{"$ref":"125"}]},"SkillKnowledgeArcana":{"$ref":"184"},"SkillLoreNature":{"$ref":"193"},"SkillPerception":{"$ref":"191"},"SkillThievery":{"$ref":"175"},"Strength":{"$ref":"198"},"Wisdom":{"$ref":"189"},"Initiative":{"$ref":"180"},"SkillPersuasion":{"$ref":"154"},"SkillStealth":{"$ref":"177"},"SkillUseMagicDevice":{"$ref":"159"},"SkillLoreReligion":{"$ref":"195"},"SkillKnowledgeWorld":{"$ref":"186"},"CheckBluff":{"$ref":"156"},"CheckDiplomacy":{"$ref":"157"},"CheckIntimidate":{"$ref":"158"},"SneakAttack":{"$id":"201","Type":"SneakAttack","m_BaseValue":0,"m_Dependents":null,"m_DependentFacts":null,"PermanentValue":0,"PersistentModifierList":null},"DamageNonLethal":{"$id":"202","Type":"DamageNonLethal","m_BaseValue":0,"m_Dependents":null,"m_DependentFacts":null,"PermanentValue":0,"PersistentModifierList":null},"Reach":{"$id":"203","Type":"Reach","m_BaseValue":0,"m_Dependents":null,"m_DependentFacts":null,"PermanentValue":0,"PersistentModifierList":[{"$id":"204","ModDescriptor":"Size","StackMode":"Default","ModValue":5,"Source":null,"SourceComponent":null,"ItemSource":null}]}},"Body":{"$id":"205","m_EmptyHandWeaponsStack":null,"m_EmptyHandWeapon":{"$id":"206","Second":null,"m_Blueprint":"20375b5a0c9243d45966bd72c690ab74","m_Count":1,"m_InventorySlotIndex":-1,"m_Enchantments":null,"m_FactsAppliedToWielder":[],"m_SkinningSuccessful":false,"m_IdentifyRolls":[],"ForceSecondary":false,"IsSecondPartOfDoubleWeapon":false,"IsShield":false,"Collection":null,"Wielder":{"$ref":"119"},"HoldingSlot":null,"Time":"00:00:00","Ability":null,"ActivatableAbility":null,"Charges":0,"IsIdentified":true,"SellTime":null,"IsNonRemovable":false},"m_CurrentHandsEquipmentSetIndex":0,"m_HandsEquipmentSets":[{"$id":"207","PrimaryHand":{"$id":"208","Owner":{"$ref":"119"},"Lock":{"$id":"209","m_Count":0},"m_Item":null,"m_DeactivateFlag":{"$id":"210","m_Count":0},"m_Active":true},"SecondaryHand":{"$ref":"135"}},{"$id":"211","PrimaryHand":{"$id":"212","Owner":{"$ref":"119"},"Lock":{"$id":"213","m_Count":0},"m_Item":null,"m_DeactivateFlag":{"$id":"214","m_Count":0},"m_Active":false},"SecondaryHand":{"$id":"215","Owner":{"$ref":"119"},"Lock":{"$id":"216","m_Count":0},"m_Item":null,"m_DeactivateFlag":{"$id":"217","m_Count":0},"m_Active":false}},{"$id":"218","PrimaryHand":{"$id":"219","Owner":{"$ref":"119"},"Lock":{"$id":"220","m_Count":0},"m_Item":null,"m_DeactivateFlag":{"$id":"221","m_Count":0},"m_Active":false},"SecondaryHand":{"$id":"222","Owner":{"$ref":"119"},"Lock":{"$id":"223","m_Count":0},"m_Item":null,"m_DeactivateFlag":{"$id":"224","m_Count":0},"m_Active":false}},{"$id":"225","PrimaryHand":{"$id":"226","Owner":{"$ref":"119"},"Lock":{"$id":"227","m_Count":0},"m_Item":null,"m_DeactivateFlag":{"$id":"228","m_Count":0},"m_Active":false},"SecondaryHand":{"$id":"229","Owner":{"$ref":"119"},"Lock":{"$id":"230","m_Count":0},"m_Item":null,"m_DeactivateFlag":{"$id":"231","m_Count":0},"m_Active":false}}],"m_AdditionalLimbs":[],"m_PolymoprphHandsEquipmentSet":null,"m_PolymorphAdditionalLimbs":null,"m_QuickSlots":[{"$id":"232","Owner":{"$ref":"119"},"Lock":{"$id":"233","m_Count":0},"m_Item":null,"m_DeactivateFlag":{"$id":"234","m_Count":0},"m_Active":true},{"$id":"235","Owner":{"$ref":"119"},"Lock":{"$id":"236","m_Count":0},"m_Item":null,"m_DeactivateFlag":{"$id":"237","m_Count":0},"m_Active":true},{"$id":"238","Owner":{"$ref":"119"},"Lock":{"$id":"239","m_Count":0},"m_Item":null,"m_DeactivateFlag":{"$id":"240","m_Count":0},"m_Active":true},{"$id":"241","Owner":{"$ref":"119"},"Lock":{"$id":"242","m_Count":0},"m_Item":null,"m_DeactivateFlag":{"$id":"243","m_Count":0},"m_Active":true},{"$id":"244","Owner":{"$ref":"119"},"Lock":{"$id":"245","m_Count":0},"m_Item":null,"m_DeactivateFlag":{"$id":"246","m_Count":0},"m_Active":true}],"Armor":{"$id":"247","Owner":{"$ref":"119"},"Lock":{"$id":"248","m_Count":0},"m_Item":null,"m_DeactivateFlag":{"$id":"249","m_Count":0},"m_Active":true},"Belt":{"$id":"250","Owner":{"$ref":"119"},"Lock":{"$id":"251","m_Count":0},"m_Item":null,"m_DeactivateFlag":{"$id":"252","m_Count":0},"m_Active":true},"Head":{"$id":"253","Owner":{"$ref":"119"},"Lock":{"$id":"254","m_Count":0},"m_Item":null,"m_DeactivateFlag":{"$id":"255","m_Count":0},"m_Active":true},"Feet":{"$id":"256","Owner":{"$ref":"119"},"Lock":{"$id":"257","m_Count":0},"m_Item":null,"m_DeactivateFlag":{"$id":"258","m_Count":0},"m_Active":true},"Gloves":{"$id":"259","Owner":{"$ref":"119"},"Lock":{"$id":"260","m_Count":0},"m_Item":null,"m_DeactivateFlag":{"$id":"261","m_Count":0},"m_Active":true},"Neck":{"$id":"262","Owner":{"$ref":"119"},"Lock":{"$id":"263","m_Count":0},"m_Item":null,"m_DeactivateFlag":{"$id":"264","m_Count":0},"m_Active":true},"Ring1":{"$id":"265","Owner":{"$ref":"119"},"Lock":{"$id":"266","m_Count":0},"m_Item":null,"m_DeactivateFlag":{"$id":"267","m_Count":0},"m_Active":true},"Ring2":{"$id":"268","Owner":{"$ref":"119"},"Lock":{"$id":"269","m_Count":0},"m_Item":null,"m_DeactivateFlag":{"$id":"270","m_Count":0},"m_Active":true},"Wrist":{"$id":"271","Owner":{"$ref":"119"},"Lock":{"$id":"272","m_Count":0},"m_Item":null,"m_DeactivateFlag":{"$id":"273","m_Count":0},"m_Active":true},"Shoulders":{"$id":"274","Owner":{"$ref":"119"},"Lock":{"$id":"275","m_Count":0},"m_Item":null,"m_DeactivateFlag":{"$id":"276","m_Count":0},"m_Active":true},"HandsAreEnabled":true,"Owner":{"$ref":"119"},"IsPolymorphed":false},"Logic":{"$id":"277","m_Facts":[],"Owner":{"$ref":"119"},"ActiveByDefault":true},"Abilities":{"$id":"278","m_Facts":[{"$id":"279","$type":"Kingmaker.UnitLogic.Abilities.Ability, Assembly-CSharp","m_Hidden":false,"Data":{"$id":"280","Blueprint":"c78506dd0e14f7c45a599990e4e65038","Caster":{"$ref":"119"},"m_ConvertedFrom":null,"DecorationColorNumber":-1,"DecorationBorderNumber":-1,"m_SpellbookBlueprint":null,"IsSpellCopy":false,"Fact":{"$ref":"279"},"MetamagicData":null},"Blueprint":"c78506dd0e14f7c45a599990e4e65038","m_ComponentsData":[],"StickyTouch":null,"Owner":{"$ref":"119"},"Initialized":true,"Active":true,"SourceItem":null,"SourceCutscene":{"$id":"281","EntityId":"2f191b7a-fc6b-441e-9841-e8e096e5535f","Name":"OTP_NyrissaRestCutscene","State":"OlegsTradingPost_Mechanics"}}],"Owner":{"$ref":"119"},"ActiveByDefault":true},"ActivatableAbilities":{"$id":"282","m_Facts":[{"$id":"283","$type":"Kingmaker.UnitLogic.ActivatableAbilities.ActivatableAbility, Assembly-CSharp","m_IsOn":false,"m_AppliedBuff":null,"m_Target":null,"m_TurnOnTime":"00:00:00","m_WasInCombat":false,"Blueprint":"09d742e8b50b0214fb71acfc99cc00b3","m_ComponentsData":[],"TimeToNextRound":0.0,"IsRunning":false,"ReadyToStart":false,"Owner":{"$ref":"119"},"Initialized":true,"Active":true,"SourceItem":null,"SourceCutscene":{"$id":"284","EntityId":"2f191b7a-fc6b-441e-9841-e8e096e5535f","Name":"OTP_NyrissaRestCutscene","State":"OlegsTradingPost_Mechanics"}}],"Owner":{"$ref":"119"},"ActiveByDefault":true},"AttackFactions":{"$id":"285","m_Owner":{"$ref":"119"},"m_Factions":[]},"Recreate":false,"Buffs":{"$id":"286","m_IsOwnerAlive":true,"m_Facts":[{"$id":"287","$type":"Kingmaker.UnitLogic.Buffs.Buff, Assembly-CSharp","m_EndTime":null,"m_StoredMods":null,"m_StoredFacts":null,"m_Context":{"$id":"288","m_OwnerDescriptor":{"$ref":"119"},"m_CasterReference":{"m_UniqueId":"e0f507b5-ad51-4180-ab21-4d0885fd1329"},"m_Ranks":[0,0,0,0,0,0,0],"m_SharedValues":[0,0,0,0,0,0],"m_Params":null,"AssociatedBlueprint":"281a1f606d92728409ee5cbf5599855d","ParentContext":null,"m_MainTarget":null,"Params":{"SpellSource":"Unknown","CasterLevel":1,"SpellLevel":1,"DC":11},"SpellDescriptor":"None","SpellSchool":"None","SpellLevel":0,"Direction":{"$type":"UnityEngine.Vector3, UnityEngine.CoreModule, Version=0.0.0.0, Culture=neutral, PublicKeyToken=null","x":0.0,"y":0.0,"z":0.0}},"Blueprint":"281a1f606d92728409ee5cbf5599855d","m_ComponentsData":[{"$id":"289","ComponentName":"$AddImmortality$439794f3-5cb6-4d34-9dba-c02381a01486"},{"$id":"290","ComponentName":"$AddImmunityToAbilityScoreDamage$4b069edb-45a6-49fb-a9b0-1583f8a63d30"},{"$id":"291","ComponentName":"$AddImmunityToEnergyDrain$0f53bc2f-b338-4072-97bd-5f2ce07c095b"},{"$id":"292","ComponentName":"$BuffDescriptorImmunity$613d5ab5-79e3-4997-9565-98d1a353430f"},{"$id":"293","ComponentName":"$AddConditionImmunity$9c6fae52-36cf-43f1-899a-7478f4fbb5da"},{"$id":"294","ComponentName":"$SpellImmunityToSpellDescriptor$fabf287d-b209-4010-9fce-f3bebc81631c"}],"TickTime":"10675199.02:48:05.4775807","NextTickTime":"10675199.02:48:05.4775807","RoundNumber":0,"IsSuppressed":false,"IsNotDispelable":false,"IsFromSpell":false,"SourceAreaEffectId":null,"Owner":{"$ref":"119"},"Initialized":true,"Active":true,"SourceItem":null,"SourceCutscene":{"$id":"295","EntityId":"2f191b7a-fc6b-441e-9841-e8e096e5535f","Name":"OTP_NyrissaRestCutscene","State":"OlegsTradingPost_Mechanics"}}],"Owner":{"$ref":"119"},"ActiveByDefault":true},"Resources":{"$id":"296","m_Owner":{"$ref":"119"},"PersistantResources":[]},"Progression":{"$id":"297","m_Race":"0a5d473ead98b0646b94495af250fdc4","Classes":[{"$id":"298","CharacterClass":"b2d9af52cf680744eb0cdc3f3034395f","Spellbook":null,"Archetypes":[],"Level":10,"PriorityEquipment":false}],"m_Progressions":[{"Key":"5b72dd2ca2cb73b49903806ee8986325","Value":{"$id":"299","Blueprint":"5b72dd2ca2cb73b49903806ee8986325","Archetypes":[],"Level":10}},{"Key":"1c531526d86b2474fbb1c0c6054e7061","Value":{"$id":"300","Blueprint":"1c531526d86b2474fbb1c0c6054e7061","Archetypes":[],"Level":10}}],"Features":{"$id":"301","m_Facts":[{"$id":"302","$type":"Kingmaker.UnitLogic.Feature, Assembly-CSharp","m_Context":{"$id":"303","m_OwnerDescriptor":{"$ref":"119"},"m_CasterReference":{"m_UniqueId":null},"m_Ranks":[0,0,0,0,0,0,0],"m_SharedValues":[0,0,0,0,0,0],"m_Params":null,"AssociatedBlueprint":"5b72dd2ca2cb73b49903806ee8986325","ParentContext":null,"m_MainTarget":null,"Params":{"SpellSource":"Unknown","CasterLevel":1,"SpellLevel":1,"DC":11},"SpellDescriptor":"None","SpellSchool":"None","SpellLevel":0,"Direction":{"$type":"UnityEngine.Vector3, UnityEngine.CoreModule, Version=0.0.0.0, Culture=neutral, PublicKeyToken=null","x":0.0,"y":0.0,"z":0.0}},"Blueprint":"5b72dd2ca2cb73b49903806ee8986325","m_ComponentsData":[],"Rank":1,"Source":null,"Param":null,"IgnorePrerequisites":true,"Owner":{"$ref":"119"},"Initialized":true,"Active":true,"SourceItem":null,"SourceCutscene":{"$id":"304","EntityId":"2f191b7a-fc6b-441e-9841-e8e096e5535f","Name":"OTP_NyrissaRestCutscene","State":"OlegsTradingPost_Mechanics"}},{"$ref":"167"},{"$id":"305","$type":"Kingmaker.UnitLogic.Feature, Assembly-CSharp","m_Context":{"$id":"306","m_OwnerDescriptor":{"$ref":"119"},"m_CasterReference":{"m_UniqueId":"e0f507b5-ad51-4180-ab21-4d0885fd1329"},"m_Ranks":[0,0,0,0,0,0,0],"m_SharedValues":[0,0,0,0,0,0],"m_Params":null,"AssociatedBlueprint":"247a4068296e8be42890143f451b4b45","ParentContext":null,"m_MainTarget":null,"Params":{"SpellSource":"Unknown","CasterLevel":1,"SpellLevel":1,"DC":11},"SpellDescriptor":"None","SpellSchool":"None","SpellLevel":0,"Direction":{"$type":"UnityEngine.Vector3, UnityEngine.CoreModule, Version=0.0.0.0, Culture=neutral, PublicKeyToken=null","x":0.0,"y":0.0,"z":0.0}},"Blueprint":"247a4068296e8be42890143f451b4b45","m_ComponentsData":[],"Rank":1,"Source":"5b72dd2ca2cb73b49903806ee8986325","Param":null,"IgnorePrerequisites":true,"Owner":{"$ref":"119"},"Initialized":true,"Active":true,"SourceItem":null,"SourceCutscene":{"$id":"307","EntityId":"2f191b7a-fc6b-441e-9841-e8e096e5535f","Name":"OTP_NyrissaRestCutscene","State":"OlegsTradingPost_Mechanics"}},{"$id":"308","$type":"Kingmaker.UnitLogic.Feature, Assembly-CSharp","m_Context":{"$id":"309","m_OwnerDescriptor":{"$ref":"119"},"m_CasterReference":{"m_UniqueId":"e0f507b5-ad51-4180-ab21-4d0885fd1329"},"m_Ranks":[0,0,0,0,0,0,0],"m_SharedValues":[0,0,0,0,0,0],"m_Params":null,"AssociatedBlueprint":"3adf9274a210b164cb68f472dc1e4544","ParentContext":null,"m_MainTarget":null,"Params":{"SpellSource":"Unknown","CasterLevel":1,"SpellLevel":1,"DC":11},"SpellDescriptor":"None","SpellSchool":"None","SpellLevel":0,"Direction":{"$type":"UnityEngine.Vector3, UnityEngine.CoreModule, Version=0.0.0.0, Culture=neutral, PublicKeyToken=null","x":0.0,"y":0.0,"z":0.0}},"Blueprint":"3adf9274a210b164cb68f472dc1e4544","m_ComponentsData":[{"$id":"310","ComponentName":"$AddSkillPoint$4a606a4f-ecc4-4279-b632-fe33c1c260aa"}],"Rank":1,"Source":"0a5d473ead98b0646b94495af250fdc4","Param":null,"IgnorePrerequisites":true,"Owner":{"$ref":"119"},"Initialized":true,"Active":true,"SourceItem":null,"SourceCutscene":{"$id":"311","EntityId":"2f191b7a-fc6b-441e-9841-e8e096e5535f","Name":"OTP_NyrissaRestCutscene","State":"OlegsTradingPost_Mechanics"}},{"$id":"312","$type":"Kingmaker.UnitLogic.Feature, Assembly-CSharp","m_Context":{"$id":"313","m_OwnerDescriptor":{"$ref":"119"},"m_CasterReference":{"m_UniqueId":"e0f507b5-ad51-4180-ab21-4d0885fd1329"},"m_Ranks":[0,0,0,0,0,0,0],"m_SharedValues":[0,0,0,0,0,0],"m_Params":null,"AssociatedBlueprint":"1c531526d86b2474fbb1c0c6054e7061","ParentContext":null,"m_MainTarget":null,"Params":{"SpellSource":"Unknown","CasterLevel":1,"SpellLevel":1,"DC":11},"SpellDescriptor":"None","SpellSchool":"None","SpellLevel":0,"Direction":{"$type":"UnityEngine.Vector3, UnityEngine.CoreModule, Version=0.0.0.0, Culture=neutral, PublicKeyToken=null","x":0.0,"y":0.0,"z":0.0}},"Blueprint":"1c531526d86b2474fbb1c0c6054e7061","m_ComponentsData":[],"Rank":1,"Source":"b2d9af52cf680744eb0cdc3f3034395f","Param":null,"IgnorePrerequisites":true,"Owner":{"$ref":"119"},"Initialized":true,"Active":true,"SourceItem":null,"SourceCutscene":{"$id":"314","EntityId":"2f191b7a-fc6b-441e-9841-e8e096e5535f","Name":"OTP_NyrissaRestCutscene","State":"OlegsTradingPost_Mechanics"}},{"$id":"315","$type":"Kingmaker.UnitLogic.Feature, Assembly-CSharp","m_Context":{"$id":"316","m_OwnerDescriptor":{"$ref":"119"},"m_CasterReference":{"m_UniqueId":"e0f507b5-ad51-4180-ab21-4d0885fd1329"},"m_Ranks":[0,0,0,0,0,0,0],"m_SharedValues":[0,0,0,0,0,0],"m_Params":null,"AssociatedBlueprint":"ca22afeb94442b64fb8536e7a9f7dc11","ParentContext":null,"m_MainTarget":null,"Params":{"SpellSource":"Unknown","CasterLevel":1,"SpellLevel":1,"DC":11},"SpellDescriptor":"None","SpellSchool":"None","SpellLevel":0,"Direction":{"$type":"UnityEngine.Vector3, UnityEngine.CoreModule, Version=0.0.0.0, Culture=neutral, PublicKeyToken=null","x":0.0,"y":0.0,"z":0.0}},"Blueprint":"ca22afeb94442b64fb8536e7a9f7dc11","m_ComponentsData":[{"$id":"317","ComponentName":"$AddFacts$1d537ae8-86db-4df4-b28f-789a7c7b031c","m_AppliedFacts":{"$type":"System.Collections.Generic.List`1[[Kingmaker.Blueprints.Facts.Fact, Assembly-CSharp]], mscorlib","$values":[{"$ref":"283"}]}},{"$id":"318","ComponentName":"$DeathActions$d3439b71-0139-4956-bff9-fcf717165a25"}],"Rank":1,"Source":"5b72dd2ca2cb73b49903806ee8986325","Param":null,"IgnorePrerequisites":true,"Owner":{"$ref":"119"},"Initialized":true,"Active":true,"SourceItem":null,"SourceCutscene":{"$id":"319","EntityId":"2f191b7a-fc6b-441e-9841-e8e096e5535f","Name":"OTP_NyrissaRestCutscene","State":"OlegsTradingPost_Mechanics"}},{"$id":"320","$type":"Kingmaker.UnitLogic.Feature, Assembly-CSharp","m_Context":{"$id":"321","m_OwnerDescriptor":{"$ref":"119"},"m_CasterReference":{"m_UniqueId":"e0f507b5-ad51-4180-ab21-4d0885fd1329"},"m_Ranks":[0,0,0,0,0,0,0],"m_SharedValues":[0,0,0,0,0,0],"m_Params":null,"AssociatedBlueprint":"6948b379c0562714d9f6d58ccbfa8faa","ParentContext":null,"m_MainTarget":null,"Params":{"SpellSource":"Unknown","CasterLevel":1,"SpellLevel":1,"DC":11},"SpellDescriptor":"None","SpellSchool":"None","SpellLevel":0,"Direction":{"$type":"UnityEngine.Vector3, UnityEngine.CoreModule, Version=0.0.0.0, Culture=neutral, PublicKeyToken=null","x":0.0,"y":0.0,"z":0.0}},"Blueprint":"6948b379c0562714d9f6d58ccbfa8faa","m_ComponentsData":[{"$id":"322","ComponentName":"$TwoWeaponFightingAttackPenalty$bdf15419-9b1f-48ba-a816-6ffbb9b83258"},{"$id":"323","ComponentName":"$TwoWeaponFightingAttacks$c6c23e28-824b-4f52-abe1-49f605100e17"},{"$id":"324","ComponentName":"$TwoWeaponFightingDamagePenalty$93c71acb-3b4b-4fd4-a050-c774d3e13ece"}],"Rank":1,"Source":"5b72dd2ca2cb73b49903806ee8986325","Param":null,"IgnorePrerequisites":true,"Owner":{"$ref":"119"},"Initialized":true,"Active":true,"SourceItem":null,"SourceCutscene":{"$id":"325","EntityId":"2f191b7a-fc6b-441e-9841-e8e096e5535f","Name":"OTP_NyrissaRestCutscene","State":"OlegsTradingPost_Mechanics"}},{"$id":"326","$type":"Kingmaker.UnitLogic.Feature, Assembly-CSharp","m_Context":{"$id":"327","m_OwnerDescriptor":{"$ref":"119"},"m_CasterReference":{"m_UniqueId":"e0f507b5-ad51-4180-ab21-4d0885fd1329"},"m_Ranks":[0,0,0,0,0,0,0],"m_SharedValues":[0,0,0,0,0,0],"m_Params":null,"AssociatedBlueprint":"109f01a0cbd151d44a98b17056460bc9","ParentContext":null,"m_MainTarget":null,"Params":{"SpellSource":"Unknown","CasterLevel":1,"SpellLevel":1,"DC":11},"SpellDescriptor":"None","SpellSchool":"None","SpellLevel":0,"Direction":{"$type":"UnityEngine.Vector3, UnityEngine.CoreModule, Version=0.0.0.0, Culture=neutral, PublicKeyToken=null","x":0.0,"y":0.0,"z":0.0}},"Blueprint":"109f01a0cbd151d44a98b17056460bc9","m_ComponentsData":[{"$id":"328","ComponentName":"$AddFeatureToNPC$dfaecb92-b2fd-4e2c-b528-73104123ac46","m_AppliedFact":{"$id":"329","$type":"Kingmaker.UnitLogic.Feature, Assembly-CSharp","m_Context":{"$id":"330","m_OwnerDescriptor":{"$ref":"119"},"m_CasterReference":{"m_UniqueId":"e0f507b5-ad51-4180-ab21-4d0885fd1329"},"m_Ranks":[0,0,0,0,0,0,0],"m_SharedValues":[0,0,0,0,0,0],"m_Params":null,"AssociatedBlueprint":"1001e3eb456a0244e93c9179c3f4a1a2","ParentContext":null,"m_MainTarget":null,"Params":{"SpellSource":"Unknown","CasterLevel":1,"SpellLevel":1,"DC":11},"SpellDescriptor":"None","SpellSchool":"None","SpellLevel":0,"Direction":{"$type":"UnityEngine.Vector3, UnityEngine.CoreModule, Version=0.0.0.0, Culture=neutral, PublicKeyToken=null","x":0.0,"y":0.0,"z":0.0}},"Blueprint":"1001e3eb456a0244e93c9179c3f4a1a2","m_ComponentsData":[{"$id":"331","ComponentName":"$AddBuffOnCombatStart$7157d582-fef6-4c77-96a2-dd24b6ebb8f4","m_AppliedBuff":null}],"Rank":1,"Source":null,"Param":null,"IgnorePrerequisites":true,"Owner":{"$ref":"119"},"Initialized":true,"Active":true,"SourceItem":null,"SourceCutscene":{"$id":"332","EntityId":"2f191b7a-fc6b-441e-9841-e8e096e5535f","Name":"OTP_NyrissaRestCutscene","State":"OlegsTradingPost_Mechanics"}}}],"Rank":1,"Source":"5b72dd2ca2cb73b49903806ee8986325","Param":null,"IgnorePrerequisites":true,"Owner":{"$ref":"119"},"Initialized":true,"Active":true,"SourceItem":null,"SourceCutscene":{"$id":"333","EntityId":"2f191b7a-fc6b-441e-9841-e8e096e5535f","Name":"OTP_NyrissaRestCutscene","State":"OlegsTradingPost_Mechanics"}},{"$ref":"329"},{"$id":"334","$type":"Kingmaker.UnitLogic.Feature, Assembly-CSharp","m_Context":{"$id":"335","m_OwnerDescriptor":{"$ref":"119"},"m_CasterReference":{"m_UniqueId":"e0f507b5-ad51-4180-ab21-4d0885fd1329"},"m_Ranks":[0,0,0,0,0,0,0],"m_SharedValues":[0,0,0,0,0,0],"m_Params":null,"AssociatedBlueprint":"33bc1b86b3a2fa5489cc0a5bdcf3f6f8","ParentContext":null,"m_MainTarget":null,"Params":{"SpellSource":"Unknown","CasterLevel":1,"SpellLevel":1,"DC":11},"SpellDescriptor":"None","SpellSchool":"None","SpellLevel":0,"Direction":{"$type":"UnityEngine.Vector3, UnityEngine.CoreModule, Version=0.0.0.0, Culture=neutral, PublicKeyToken=null","x":0.0,"y":0.0,"z":0.0}},"Blueprint":"33bc1b86b3a2fa5489cc0a5bdcf3f6f8","m_ComponentsData":[{"$id":"336","ComponentName":"$AddFeatureToNPC$dfaecb92-b2fd-4e2c-b528-73104123ac46","m_AppliedFact":{"$id":"337","$type":"Kingmaker.UnitLogic.Feature, Assembly-CSharp","m_Context":{"$id":"338","m_OwnerDescriptor":{"$ref":"119"},"m_CasterReference":{"m_UniqueId":"e0f507b5-ad51-4180-ab21-4d0885fd1329"},"m_Ranks":[0,0,0,0,0,0,0],"m_SharedValues":[0,0,0,0,0,0],"m_Params":null,"AssociatedBlueprint":"6e318c139554e3341b52991ba2c5a3c7","ParentContext":null,"m_MainTarget":null,"Params":{"SpellSource":"Unknown","CasterLevel":1,"SpellLevel":1,"DC":11},"SpellDescriptor":"None","SpellSchool":"None","SpellLevel":0,"Direction":{"$type":"UnityEngine.Vector3, UnityEngine.CoreModule, Version=0.0.0.0, Culture=neutral, PublicKeyToken=null","x":0.0,"y":0.0,"z":0.0}},"Blueprint":"6e318c139554e3341b52991ba2c5a3c7","m_ComponentsData":[{"$id":"339","ComponentName":"$DifficultyStatAdvancement$9c7c6873-c2c5-4af2-98a7-fdb67905544a"}],"Rank":1,"Source":null,"Param":null,"IgnorePrerequisites":true,"Owner":{"$ref":"119"},"Initialized":true,"Active":true,"SourceItem":null,"SourceCutscene":{"$id":"340","EntityId":"2f191b7a-fc6b-441e-9841-e8e096e5535f","Name":"OTP_NyrissaRestCutscene","State":"OlegsTradingPost_Mechanics"}}}],"Rank":1,"Source":"5b72dd2ca2cb73b49903806ee8986325","Param":null,"IgnorePrerequisites":true,"Owner":{"$ref":"119"},"Initialized":true,"Active":true,"SourceItem":null,"SourceCutscene":{"$id":"341","EntityId":"2f191b7a-fc6b-441e-9841-e8e096e5535f","Name":"OTP_NyrissaRestCutscene","State":"OlegsTradingPost_Mechanics"}},{"$ref":"337"},{"$id":"342","$type":"Kingmaker.UnitLogic.Feature, Assembly-CSharp","m_Context":{"$id":"343","m_OwnerDescriptor":{"$ref":"119"},"m_CasterReference":{"m_UniqueId":"e0f507b5-ad51-4180-ab21-4d0885fd1329"},"m_Ranks":[0,0,0,0,0,0,0],"m_SharedValues":[0,0,0,0,0,0],"m_Params":null,"AssociatedBlueprint":"e4c33ff99d638744686112e2a5f49856","ParentContext":null,"m_MainTarget":null,"Params":{"SpellSource":"Unknown","CasterLevel":1,"SpellLevel":1,"DC":11},"SpellDescriptor":"None","SpellSchool":"None","SpellLevel":0,"Direction":{"$type":"UnityEngine.Vector3, UnityEngine.CoreModule, Version=0.0.0.0, Culture=neutral, PublicKeyToken=null","x":0.0,"y":0.0,"z":0.0}},"Blueprint":"e4c33ff99d638744686112e2a5f49856","m_ComponentsData":[{"$id":"344","ComponentName":"$AddFeatureOnSkill$53c006d9-0279-4910-a197-7b7378b87ec5","m_AppliedFacts":{"$type":"System.Collections.Generic.List`1[[Kingmaker.Blueprints.Facts.Fact, Assembly-CSharp]], mscorlib","$values":[]}},{"$id":"345","ComponentName":"$AddFeatureOnSkill$c5d0a9a0-1733-4e85-a93e-5dfa4ce8d13f","m_AppliedFacts":{"$type":"System.Collections.Generic.List`1[[Kingmaker.Blueprints.Facts.Fact, Assembly-CSharp]], mscorlib","$values":[]}},{"$id":"346","ComponentName":"$AddFeatureOnSkill$582c00e4-c980-4e3a-b47a-9b026e64922d","m_AppliedFacts":{"$type":"System.Collections.Generic.List`1[[Kingmaker.Blueprints.Facts.Fact, Assembly-CSharp]], mscorlib","$values":[]}}],"Rank":1,"Source":"5b72dd2ca2cb73b49903806ee8986325","Param":null,"IgnorePrerequisites":true,"Owner":{"$ref":"119"},"Initialized":true,"Active":true,"SourceItem":null,"SourceCutscene":{"$id":"347","EntityId":"2f191b7a-fc6b-441e-9841-e8e096e5535f","Name":"OTP_NyrissaRestCutscene","State":"OlegsTradingPost_Mechanics"}},{"$id":"348","$type":"Kingmaker.UnitLogic.Feature, Assembly-CSharp","m_Context":{"$id":"349","m_OwnerDescriptor":{"$ref":"119"},"m_CasterReference":{"m_UniqueId":"e0f507b5-ad51-4180-ab21-4d0885fd1329"},"m_Ranks":[0,0,0,0,0,0,0],"m_SharedValues":[0,0,0,0,0,0],"m_Params":null,"AssociatedBlueprint":"0aeba56961779e54a8a0f6dedef081ee","ParentContext":null,"m_MainTarget":null,"Params":{"SpellSource":"Unknown","CasterLevel":1,"SpellLevel":1,"DC":11},"SpellDescriptor":"None","SpellSchool":"None","SpellLevel":0,"Direction":{"$type":"UnityEngine.Vector3, UnityEngine.CoreModule, Version=0.0.0.0, Culture=neutral, PublicKeyToken=null","x":0.0,"y":0.0,"z":0.0}},"Blueprint":"0aeba56961779e54a8a0f6dedef081ee","m_ComponentsData":[{"$id":"350","ComponentName":"$AddBuffInBadWeather$a3a8772d-c0bc-414a-b935-e00092ee6c06"}],"Rank":1,"Source":"5b72dd2ca2cb73b49903806ee8986325","Param":null,"IgnorePrerequisites":true,"Owner":{"$ref":"119"},"Initialized":true,"Active":true,"SourceItem":null,"SourceCutscene":{"$id":"351","EntityId":"2f191b7a-fc6b-441e-9841-e8e096e5535f","Name":"OTP_NyrissaRestCutscene","State":"OlegsTradingPost_Mechanics"}},{"$id":"352","$type":"Kingmaker.UnitLogic.Feature, Assembly-CSharp","m_Context":{"$id":"353","m_OwnerDescriptor":{"$ref":"119"},"m_CasterReference":{"m_UniqueId":"e0f507b5-ad51-4180-ab21-4d0885fd1329"},"m_Ranks":[0,0,0,0,0,0,0],"m_SharedValues":[0,0,0,0,0,0],"m_Params":null,"AssociatedBlueprint":"a23591cc77086494ba20880f87e73970","ParentContext":null,"m_MainTarget":null,"Params":{"SpellSource":"Unknown","CasterLevel":1,"SpellLevel":1,"DC":11},"SpellDescriptor":"None","SpellSchool":"None","SpellLevel":0,"Direction":{"$type":"UnityEngine.Vector3, UnityEngine.CoreModule, Version=0.0.0.0, Culture=neutral, PublicKeyToken=null","x":0.0,"y":0.0,"z":0.0}},"Blueprint":"a23591cc77086494ba20880f87e73970","m_ComponentsData":[{"$id":"354","ComponentName":"$AddFacts$5a1e750e-7598-4564-9200-84ad92acfea1","m_AppliedFacts":{"$type":"System.Collections.Generic.List`1[[Kingmaker.Blueprints.Facts.Fact, Assembly-CSharp]], mscorlib","$values":[{"$id":"355","$type":"Kingmaker.UnitLogic.Feature, Assembly-CSharp","m_Context":{"$id":"356","m_OwnerDescriptor":{"$ref":"119"},"m_CasterReference":{"m_UniqueId":"e0f507b5-ad51-4180-ab21-4d0885fd1329"},"m_Ranks":[0,0,0,0,0,0,0],"m_SharedValues":[0,0,0,0,0,0],"m_Params":null,"AssociatedBlueprint":"6d3728d4e9c9898458fe5e9532951132","ParentContext":null,"m_MainTarget":null,"Params":{"SpellSource":"Unknown","CasterLevel":1,"SpellLevel":1,"DC":11},"SpellDescriptor":"None","SpellSchool":"None","SpellLevel":0,"Direction":{"$type":"UnityEngine.Vector3, UnityEngine.CoreModule, Version=0.0.0.0, Culture=neutral, PublicKeyToken=null","x":0.0,"y":0.0,"z":0.0}},"Blueprint":"6d3728d4e9c9898458fe5e9532951132","m_ComponentsData":[{"$id":"357","ComponentName":"$AddProficiencies$2f57ed58-ebce-4dc4-9743-84409716128e"}],"Rank":1,"Source":null,"Param":null,"IgnorePrerequisites":true,"Owner":{"$ref":"119"},"Initialized":true,"Active":true,"SourceItem":null,"SourceCutscene":{"$id":"358","EntityId":"2f191b7a-fc6b-441e-9841-e8e096e5535f","Name":"OTP_NyrissaRestCutscene","State":"OlegsTradingPost_Mechanics"}},{"$id":"359","$type":"Kingmaker.UnitLogic.Feature, Assembly-CSharp","m_Context":{"$id":"360","m_OwnerDescriptor":{"$ref":"119"},"m_CasterReference":{"m_UniqueId":"e0f507b5-ad51-4180-ab21-4d0885fd1329"},"m_Ranks":[0,0,0,0,0,0,0],"m_SharedValues":[0,0,0,0,0,0],"m_Params":null,"AssociatedBlueprint":"46f4fb320f35704488ba3d513397789d","ParentContext":null,"m_MainTarget":null,"Params":{"SpellSource":"Unknown","CasterLevel":1,"SpellLevel":1,"DC":11},"SpellDescriptor":"None","SpellSchool":"None","SpellLevel":0,"Direction":{"$type":"UnityEngine.Vector3, UnityEngine.CoreModule, Version=0.0.0.0, Culture=neutral, PublicKeyToken=null","x":0.0,"y":0.0,"z":0.0}},"Blueprint":"46f4fb320f35704488ba3d513397789d","m_ComponentsData":[{"$id":"361","ComponentName":"$AddProficiencies$2f57ed58-ebce-4dc4-9743-84409716128e"}],"Rank":1,"Source":null,"Param":null,"IgnorePrerequisites":true,"Owner":{"$ref":"119"},"Initialized":true,"Active":true,"SourceItem":null,"SourceCutscene":{"$id":"362","EntityId":"2f191b7a-fc6b-441e-9841-e8e096e5535f","Name":"OTP_NyrissaRestCutscene","State":"OlegsTradingPost_Mechanics"}},{"$id":"363","$type":"Kingmaker.UnitLogic.Feature, Assembly-CSharp","m_Context":{"$id":"364","m_OwnerDescriptor":{"$ref":"119"},"m_CasterReference":{"m_UniqueId":"e0f507b5-ad51-4180-ab21-4d0885fd1329"},"m_Ranks":[0,0,0,0,0,0,0],"m_SharedValues":[0,0,0,0,0,0],"m_Params":null,"AssociatedBlueprint":"1b0f68188dcc435429fb87a022239681","ParentContext":null,"m_MainTarget":null,"Params":{"SpellSource":"Unknown","CasterLevel":1,"SpellLevel":1,"DC":11},"SpellDescriptor":"None","SpellSchool":"None","SpellLevel":0,"Direction":{"$type":"UnityEngine.Vector3, UnityEngine.CoreModule, Version=0.0.0.0, Culture=neutral, PublicKeyToken=null","x":0.0,"y":0.0,"z":0.0}},"Blueprint":"1b0f68188dcc435429fb87a022239681","m_ComponentsData":[{"$id":"365","ComponentName":"$AddProficiencies$2f57ed58-ebce-4dc4-9743-84409716128e"}],"Rank":1,"Source":null,"Param":null,"IgnorePrerequisites":true,"Owner":{"$ref":"119"},"Initialized":true,"Active":true,"SourceItem":null,"SourceCutscene":{"$id":"366","EntityId":"2f191b7a-fc6b-441e-9841-e8e096e5535f","Name":"OTP_NyrissaRestCutscene","State":"OlegsTradingPost_Mechanics"}},{"$id":"367","$type":"Kingmaker.UnitLogic.Feature, Assembly-CSharp","m_Context":{"$id":"368","m_OwnerDescriptor":{"$ref":"119"},"m_CasterReference":{"m_UniqueId":"e0f507b5-ad51-4180-ab21-4d0885fd1329"},"m_Ranks":[0,0,0,0,0,0,0],"m_SharedValues":[0,0,0,0,0,0],"m_Params":null,"AssociatedBlueprint":"e70ecf1ed95ca2f40b754f1adb22bbdd","ParentContext":null,"m_MainTarget":null,"Params":{"SpellSource":"Unknown","CasterLevel":1,"SpellLevel":1,"DC":11},"SpellDescriptor":"None","SpellSchool":"None","SpellLevel":0,"Direction":{"$type":"UnityEngine.Vector3, UnityEngine.CoreModule, Version=0.0.0.0, Culture=neutral, PublicKeyToken=null","x":0.0,"y":0.0,"z":0.0}},"Blueprint":"e70ecf1ed95ca2f40b754f1adb22bbdd","m_ComponentsData":[{"$id":"369","ComponentName":"$AddProficiencies$2f57ed58-ebce-4dc4-9743-84409716128e"}],"Rank":1,"Source":null,"Param":null,"IgnorePrerequisites":true,"Owner":{"$ref":"119"},"Initialized":true,"Active":true,"SourceItem":null,"SourceCutscene":{"$id":"370","EntityId":"2f191b7a-fc6b-441e-9841-e8e096e5535f","Name":"OTP_NyrissaRestCutscene","State":"OlegsTradingPost_Mechanics"}},{"$id":"371","$type":"Kingmaker.UnitLogic.Feature, Assembly-CSharp","m_Context":{"$id":"372","m_OwnerDescriptor":{"$ref":"119"},"m_CasterReference":{"m_UniqueId":"e0f507b5-ad51-4180-ab21-4d0885fd1329"},"m_Ranks":[0,0,0,0,0,0,0],"m_SharedValues":[0,0,0,0,0,0],"m_Params":null,"AssociatedBlueprint":"203992ef5b35c864390b4e4a1e200629","ParentContext":null,"m_MainTarget":null,"Params":{"SpellSource":"Unknown","CasterLevel":1,"SpellLevel":1,"DC":11},"SpellDescriptor":"None","SpellSchool":"None","SpellLevel":0,"Direction":{"$type":"UnityEngine.Vector3, UnityEngine.CoreModule, Version=0.0.0.0, Culture=neutral, PublicKeyToken=null","x":0.0,"y":0.0,"z":0.0}},"Blueprint":"203992ef5b35c864390b4e4a1e200629","m_ComponentsData":[{"$id":"373","ComponentName":"$AddProficiencies$2f57ed58-ebce-4dc4-9743-84409716128e"},{"$id":"374","ComponentName":"$AddProficiencies$1d6852f4-20bd-4202-afd4-1b458e39c7da"},{"$id":"375","ComponentName":"$AddProficiencies$7450611f-7567-4b2e-834e-e712ccc00fd9"},{"$id":"376","ComponentName":"$AddProficiencies$abf37746-6521-43e2-b28b-6a2c18e1ff15"},{"$id":"377","ComponentName":"$AddProficiencies$c9335adf-120a-4e32-910d-e129c59d4409"},{"$id":"378","ComponentName":"$AddProficiencies$f434ca0b-cbd1-4305-ba59-55fe850d326b"}],"Rank":1,"Source":null,"Param":null,"IgnorePrerequisites":true,"Owner":{"$ref":"119"},"Initialized":true,"Active":true,"SourceItem":null,"SourceCutscene":{"$id":"379","EntityId":"2f191b7a-fc6b-441e-9841-e8e096e5535f","Name":"OTP_NyrissaRestCutscene","State":"OlegsTradingPost_Mechanics"}},{"$id":"380","$type":"Kingmaker.UnitLogic.Feature, Assembly-CSharp","m_Context":{"$id":"381","m_OwnerDescriptor":{"$ref":"119"},"m_CasterReference":{"m_UniqueId":"e0f507b5-ad51-4180-ab21-4d0885fd1329"},"m_Ranks":[0,0,0,0,0,0,0],"m_SharedValues":[0,0,0,0,0,0],"m_Params":null,"AssociatedBlueprint":"cb8686e7357a68c42bdd9d4e65334633","ParentContext":null,"m_MainTarget":null,"Params":{"SpellSource":"Unknown","CasterLevel":1,"SpellLevel":1,"DC":11},"SpellDescriptor":"None","SpellSchool":"None","SpellLevel":0,"Direction":{"$type":"UnityEngine.Vector3, UnityEngine.CoreModule, Version=0.0.0.0, Culture=neutral, PublicKeyToken=null","x":0.0,"y":0.0,"z":0.0}},"Blueprint":"cb8686e7357a68c42bdd9d4e65334633","m_ComponentsData":[{"$id":"382","ComponentName":"$AddProficiencies$2f57ed58-ebce-4dc4-9743-84409716128e"}],"Rank":1,"Source":null,"Param":null,"IgnorePrerequisites":true,"Owner":{"$ref":"119"},"Initialized":true,"Active":true,"SourceItem":null,"SourceCutscene":{"$id":"383","EntityId":"2f191b7a-fc6b-441e-9841-e8e096e5535f","Name":"OTP_NyrissaRestCutscene","State":"OlegsTradingPost_Mechanics"}},{"$id":"384","$type":"Kingmaker.UnitLogic.Feature, Assembly-CSharp","m_Context":{"$id":"385","m_OwnerDescriptor":{"$ref":"119"},"m_CasterReference":{"m_UniqueId":"e0f507b5-ad51-4180-ab21-4d0885fd1329"},"m_Ranks":[0,0,0,0,0,0,0],"m_SharedValues":[0,0,0,0,0,0],"m_Params":null,"AssociatedBlueprint":"6105f450bb2acbd458d277e71e19d835","ParentContext":null,"m_MainTarget":null,"Params":{"SpellSource":"Unknown","CasterLevel":1,"SpellLevel":1,"DC":11},"SpellDescriptor":"None","SpellSchool":"None","SpellLevel":0,"Direction":{"$type":"UnityEngine.Vector3, UnityEngine.CoreModule, Version=0.0.0.0, Culture=neutral, PublicKeyToken=null","x":0.0,"y":0.0,"z":0.0}},"Blueprint":"6105f450bb2acbd458d277e71e19d835","m_ComponentsData":[{"$id":"386","ComponentName":"$AddProficiencies$2f57ed58-ebce-4dc4-9743-84409716128e"}],"Rank":1,"Source":null,"Param":null,"IgnorePrerequisites":true,"Owner":{"$ref":"119"},"Initialized":true,"Active":true,"SourceItem":null,"SourceCutscene":{"$id":"387","EntityId":"2f191b7a-fc6b-441e-9841-e8e096e5535f","Name":"OTP_NyrissaRestCutscene","State":"OlegsTradingPost_Mechanics"}}]}}],"Rank":1,"Source":"1c531526d86b2474fbb1c0c6054e7061","Param":null,"IgnorePrerequisites":true,"Owner":{"$ref":"119"},"Initialized":true,"Active":true,"SourceItem":null,"SourceCutscene":{"$id":"388","EntityId":"2f191b7a-fc6b-441e-9841-e8e096e5535f","Name":"OTP_NyrissaRestCutscene","State":"OlegsTradingPost_Mechanics"}},{"$ref":"355"},{"$ref":"359"},{"$ref":"363"},{"$ref":"367"},{"$ref":"371"},{"$ref":"380"},{"$ref":"384"}],"Owner":{"$ref":"119"},"ActiveByDefault":true},"m_Selections":[],"ClassSkills":[],"Owner":{"$ref":"119"},"m_LevelPlans":[],"CharacterLevel":10,"Experience":105000,"TotalIntelligenceSkillPoints":0},"UISettings":{"$id":"389","m_Phase":0,"m_ShowAdditionalActionBarOnce":false,"Slots":null,"m_AlreadyAutomaniclyAdded":[],"m_ActivatableAbilityAlreadyAutomaniclyAdded":[],"m_Portrait":null,"m_CustomPortrait":null},"State":{"$id":"390","m_Conditions":[0,0,0,0,0,0,0,0,0,0,0,0,0,0,0,0,0,0,0,0,0,0,0,0,0,0,0,0,0,0,0,0,0,0,0,0,0,0,0,0,0,0,0,0,0],"m_ConditionsImmunity":[0,0,0,0,0,0,0,0,0,0,0,0,0,0,0,0,0,0,0,0,0,0,0,0,0,0,0,0,0,0,0,0,0,0,0,0,0,0,0,0,0,0,0,0,0],"m_StatusEffects":[],"m_Size":"Medium","IsRegenerate":{"$id":"391","m_Count":0},"Immortality":{"$id":"392","m_Count":0},"AllowDyingCondition":{"$id":"393","m_Count":0},"HasRend":{"$id":"394","m_Count":0},"ResurrectOnRest":{"$id":"395","m_Count":0},"GetUpWithoutAttackOfOpportunity":{"$id":"396","m_Count":0},"IsUntargetable":{"$id":"397","m_Count":0},"IsIgnoredByCombat":{"$id":"398","m_Count":0},"Prone":{"$id":"399","Active":false,"ShouldBeActive":false,"Duration":"00:00:00"},"Features":{"$id":"400","Infusion":{"$id":"401","m_Count":0},"LingeringPerformance":{"$id":"402","m_Count":0},"Manyshot":{"$id":"403","m_Count":0},"ShieldBash":{"$id":"404","m_Count":0},"RangedLegerdemain":{"$id":"405","m_Count":0},"WandMastery":{"$id":"406","m_Count":0},"EldritchWandMastery":{"$id":"407","m_Count":0},"JudgmentSwitch":{"$id":"408","m_Count":0},"SoloTactics":{"$id":"409","m_Count":0},"CannotBeFlanked":{"$id":"410","m_Count":0},"Pounce":{"$id":"411","m_Count":0},"NaturalSpell":{"$id":"412","m_Count":0},"DoubleSlice":{"$id":"413","m_Count":0},"ImmuneToArmorSpeedPenalty":{"$id":"414","m_Count":0},"KnifeMaster":{"$id":"415","m_Count":0},"FrighteningThug":{"$id":"416","m_Count":0},"Ferocity":{"$id":"417","m_Count":0},"HalfOrcFerocity":{"$id":"418","m_Count":0},"QuickenPerformance1":{"$id":"419","m_Count":0},"QuickenPerformance2":{"$id":"420","m_Count":0},"SingingSteel":{"$id":"421","m_Count":0},"ImprovedUnarmedStrike":{"$id":"422","m_Count":0},"DeflectArrows":{"$id":"423","m_Count":0},"IterativeNaturalAttacks":{"$id":"424","m_Count":0},"InfusedCurative":{"$id":"425","m_Count":0},"ScrollMastery":{"$id":"426","m_Count":0},"CompletelyImpatient":{"$id":"427","m_Count":0},"Endurance":{"$id":"428","m_Count":0},"HandOfMagusDan":{"$id":"429","m_Count":0},"MakeKnowledgeCheckUntrained":{"$id":"430","m_Count":0},"ImmunToMediumArmorSpeedPenalty":{"$id":"431","m_Count":0},"DuelistNoRetreat":{"$id":"432","m_Count":0},"SwordlordWeaponProwess":{"$id":"433","m_Count":0},"DuelingMastery":{"$id":"434","m_Count":0},"DuelistRiposte":{"$id":"435","m_Count":0},"PrimalMagicEssence":{"$id":"436","m_Count":0},"ShatterDefenses":{"$id":"437","m_Count":0},"WeaponFinesse":{"$id":"438","m_Count":0},"EffortlessDualWielding":{"$id":"439","m_Count":0},"ExtendPotion":{"$id":"440","m_Count":0}},"SpellCastingForbidden":{"$id":"441","m_Count":0},"ExAndSuAbilitiesForbidden":{"$id":"442","m_Count":0},"MagicItemsForbidden":{"$id":"443","m_Count":0},"RotationForbidden":{"$id":"444","m_Count":0},"CanRemoveFromParty":false,"Owner":{"$ref":"119"},"LifeState":"Conscious","IsInStealth":false,"IsPanicked":false,"IsFinallyDead":false,"DeathTime":"00:00:00","MarkedForDeath":false,"ForceKill":false},"Proficiencies":{"$id":"445","m_ArmorProficiencies":{"$id":"446","m_Data":[{"Key":"None","Value":1}]},"m_WeaponProficiencies":{"$id":"447","m_Data":[{"Key":"UnarmedStrike","Value":1},{"Key":"Bite","Value":1},{"Key":"Claw","Value":1},{"Key":"Gore","Value":1},{"Key":"Touch","Value":1},{"Key":"Ray","Value":1},{"Key":"OtherNaturalWeapons","Value":1}]}},"Alignment":{"$id":"448","m_Owner":{"$ref":"119"},"m_History":[{"$id":"449","Position":{"x":0.0,"y":0.0},"Direction":"TrueNeutral","Provider":null},{"$id":"450","Position":{"x":0.0,"y":0.0},"Direction":"TrueNeutral","Provider":null}],"Vector":{"x":0.0,"y":0.0}},"Master":{"m_UniqueId":null},"CustomGender":null,"LeftHandedOverride":null,"CustomName":"","CustomAsks":null,"OverrideAsks":null,"ForcceUseClassEquipment":false,"Doll":null,"BirthDay":-1,"BirthMonth":-1,"CustomPrefabGuid":"","m_Pet":{"m_UniqueId":null},"m_AppliedFixers":null,"Blueprint":"80ab4789f3ba941459388aaef605256d","ReplaceBlueprintForInspection":null,"Unit":{"$ref":"116"},"Brain":{"$id":"451","Unit":{"$ref":"119"},"Blueprint":"5abc8884c6f15204c8604cb01a2efbab","Actions":[{"$id":"452","Blueprint":"866ffa6c34000cd4a86fb1671f86c7d8","BaseScore":1.0,"ExtraActorConsiderations":null,"ExtraTargetConsiderations":null}],"AvailableActions":[{"$ref":"452"}]},"Faction":"d64258e86eeb1d8479f35a9b16f6590a","IsEssentialForGame":false,"Encumbrance":"Light"},"Position":{"$type":"UnityEngine.Vector3, UnityEngine.CoreModule, Version=0.0.0.0, Culture=neutral, PublicKeyToken=null","x":16.2,"y":-4.64992142,"z":-14.358},"FlyHeight":0.0,"PreviousPosition":{"$type":"UnityEngine.Vector3, UnityEngine.CoreModule, Version=0.0.0.0, Culture=neutral, PublicKeyToken=null","x":16.2,"y":-4.64992142,"z":-14.358},"DesiredOrientation":349.990753,"TimeToNextRoundTick":3.86840487,"IsBrainActive":true,"VisionRangeMetersOverride":0.0,"CachedPerceptionRoll":0,"IsHiddenBecauseDead":false,"IsDetached":false,"GiveExperienceOnDeath":true,"UniqueId":"e0f507b5-ad51-4180-ab21-4d0885fd1329","ShouldBeDestroyed":false,"ShouldFadeOutViewAndDestroy":false},{"$id":"453","$type":"Kingmaker.AreaLogic.Cutscenes.CutscenePlayerData, Assembly-CSharp","m_QueuedAfter":null,"m_IsQueued":false,"m_Cutscene":"a29c8f40fd6a7084d95fe57efcc7a709","m_CutsceneData":{"$id":"454","Gate":"a29c8f40fd6a7084d95fe57efcc7a709","m_IsActivated":true,"IncomingTracks":null,"StartedTracks":[{"$id":"455","PlayTime":0.0,"IsPlaying":false,"StartGate":{"$ref":"454"},"EndGate":{"$id":"456","Gate":"7c9f2db1fcecde6489cd9f598a61c28d","m_IsActivated":true,"IncomingTracks":[{"$ref":"455"}],"StartedTracks":[{"$id":"457","PlayTime":139.82385310065,"IsPlaying":true,"StartGate":{"$ref":"456"},"EndGate":{"$id":"458","Gate":null,"m_IsActivated":false,"IncomingTracks":[{"$ref":"457"},{"$id":"459","PlayTime":1.133533519692719,"IsPlaying":true,"StartGate":{"$ref":"456"},"EndGate":{"$ref":"458"},"TrackIndex":1,"CommandIndex":3,"SignalSent":false}],"StartedTracks":null},"TrackIndex":0,"CommandIndex":0,"SignalSent":false},{"$ref":"459"}]},"TrackIndex":0,"CommandIndex":3,"SignalSent":false}]},"m_ExitGate":{"$ref":"458"},"m_ActivatedGates":[],"Parameters":{"$id":"460","Params":[]},"m_Restart":false,"m_Remove":false,"FreeformData":{"m_Data":[]},"m_IsInGame":true,"m_IsRevealed":false,"PlayActionId":"$PlayCutscene$083560a1-1fce-41e5-b481-5430e4245b6b","Exclusive":false,"UniqueId":"5b184b68-680d-421c-b305-bcd52b0c7244","ShouldBeDestroyed":true,"ShouldFadeOutViewAndDestroy":false},{"$id":"461","$type":"Kingmaker.AreaLogic.Cutscenes.CutscenePlayerData, Assembly-CSharp","m_QueuedAfter":null,"m_IsQueued":false,"m_Cutscene":"c8fc9bfd0c4e0174f8c3be9794024914","m_CutsceneData":{"$id":"462","Gate":"c8fc9bfd0c4e0174f8c3be9794024914","m_IsActivated":true,"IncomingTracks":null,"StartedTracks":[{"$id":"463","PlayTime":194.37795899622142,"IsPlaying":true,"StartGate":{"$ref":"462"},"EndGate":{"$id":"464","Gate":null,"m_IsActivated":false,"IncomingTracks":[{"$ref":"463"}],"StartedTracks":null},"TrackIndex":0,"CommandIndex":0,"SignalSent":false}]},"m_ExitGate":{"$ref":"464"},"m_ActivatedGates":[],"Parameters":{"$id":"465","Params":[]},"m_Restart":false,"m_Remove":false,"FreeformData":{"m_Data":[]},"m_IsInGame":true,"m_IsRevealed":false,"PlayActionId":"$PlayCutscene$39ba06a0-494b-49eb-bfca-bda57a294793","Exclusive":false,"UniqueId":"708bdfa1-a9d2-4d60-ac26-803c965d36f5","ShouldBeDestroyed":true,"ShouldFadeOutViewAndDestroy":false}],"HasEntityData":true},"SummonPoolsManager":{"$id":"466","PersistentSummonPools":[{"$id":"467","m_Blueprint":"4f98b38dcb4e8924897bb24dc5a5f6b8","m_Units":[]},{"$id":"468","m_Blueprint":"022562ad45ed4e84f9bbceaad18566de","m_Units":[]},{"$id":"469","m_Blueprint":"8002a74f91af4df478fb1a358aefccda","m_Units":[]},{"$id":"470","m_Blueprint":"db410c2832f937a4182668bfc2576e52","m_Units":[]}]},"ServiceCaster":{"m_UniqueId":null},"Encounter":null}