{"$id":"1","BitexSave":false,"m_NeedEnchantmentsFix":false,"SceneName":"OlegsTradingPost_SecondFloor_Mechanics","m_EntityData":[{"$id":"2","$type":"Kingmaker.View.Spawners.UnitSpawner+MyData, Assembly-CSharp","HasSpawned":false,"RespawnOnLoad":false,"m_SpawnedUnit":{"m_UniqueId":null},"LastPerceptionRollRank":[],"FreeformData":{"m_Data":[]},"m_IsInGame":true,"m_IsRevealed":false,"IsPerceptionCheckPassed":true,"UniqueId":"62cc279f-350e-4101-9d0b-f7b56ce14989","ShouldBeDestroyed":false,"ShouldFadeOutViewAndDestroy":false},{"$id":"3","$type":"Kingmaker.View.Spawners.UnitSpawner+MyData, Assembly-CSharp","HasSpawned":true,"RespawnOnLoad":false,"m_SpawnedUnit":{"m_UniqueId":"7110ee9b-4135-4863-b05e-e3a360485634"},"LastPerceptionRollRank":[],"FreeformData":{"m_Data":[]},"m_IsInGame":true,"m_IsRevealed":false,"IsPerceptionCheckPassed":true,"UniqueId":"35897428-aa56-43b8-ac49-f5f8e02e9518","ShouldBeDestroyed":false,"ShouldFadeOutViewAndDestroy":false},{"$id":"4","$type":"Kingmaker.View.Spawners.UnitSpawner+MyData, Assembly-CSharp","HasSpawned":false,"RespawnOnLoad":false,"m_SpawnedUnit":{"m_UniqueId":null},"LastPerceptionRollRank":[],"FreeformData":{"m_Data":[]},"m_IsInGame":true,"m_IsRevealed":false,"IsPerceptionCheckPassed":true,"UniqueId":"9f271afa-b23e-434e-af6a-7a052ea8cd21","ShouldBeDestroyed":false,"ShouldFadeOutViewAndDestroy":false},{"$id":"5","$type":"Kingmaker.View.Spawners.UnitSpawner+MyData, Assembly-CSharp","HasSpawned":false,"RespawnOnLoad":false,"m_SpawnedUnit":{"m_UniqueId":null},"LastPerceptionRollRank":[],"FreeformData":{"m_Data":[]},"m_IsInGame":true,"m_IsRevealed":false,"IsPerceptionCheckPassed":true,"UniqueId":"d4e4d317-93b4-40f4-a1c1-b536d449be87","ShouldBeDestroyed":false,"ShouldFadeOutViewAndDestroy":false},{"$id":"6","$type":"Kingmaker.View.Spawners.UnitSpawner+MyData, Assembly-CSharp","HasSpawned":true,"RespawnOnLoad":false,"m_SpawnedUnit":{"m_UniqueId":"b2395604-a475-425f-8a6b-fbbdeeb97373"},"LastPerceptionRollRank":[],"FreeformData":{"m_Data":[]},"m_IsInGame":true,"m_IsRevealed":false,"IsPerceptionCheckPassed":true,"UniqueId":"0617b453-d875-4681-89a1-2a4311ccfc55","ShouldBeDestroyed":false,"ShouldFadeOutViewAndDestroy":false},{"$id":"7","$type":"Kingmaker.View.Spawners.UnitSpawner+MyData, Assembly-CSharp","HasSpawned":true,"RespawnOnLoad":false,"m_SpawnedUnit":{"m_UniqueId":"c2d80522-0664-4dfb-a10c-8479ec468c33"},"LastPerceptionRollRank":[],"FreeformData":{"m_Data":[]},"m_IsInGame":true,"m_IsRevealed":false,"IsPerceptionCheckPassed":true,"UniqueId":"36cbc63a-8586-4ad3-84c3-71b8f0497404","ShouldBeDestroyed":false,"ShouldFadeOutViewAndDestroy":false},{"$id":"8","$type":"Kingmaker.View.Spawners.UnitSpawner+MyData, Assembly-CSharp","HasSpawned":true,"RespawnOnLoad":false,"m_SpawnedUnit":{"m_UniqueId":"9e4217b2-5e04-4b4e-bddd-6145827f57d8"},"LastPerceptionRollRank":[],"FreeformData":{"m_Data":[]},"m_IsInGame":true,"m_IsRevealed":false,"IsPerceptionCheckPassed":true,"UniqueId":"ec8d06a5-affd-4bb4-9475-6e0d95dcf457","ShouldBeDestroyed":false,"ShouldFadeOutViewAndDestroy":false},{"$id":"9","$type":"Kingmaker.EntitySystem.Entities.MapObjectEntityData, Assembly-CSharp","m_ComponentsData":[{"$id":"10","ComponentTypeName":"InteractionSkillCheck","Data":{"$id":"11","$type":"Kingmaker.View.MapObjects.SkillCheckData, Assembly-CSharp","AlreadyUsed":true,"CheckPassed":false,"DCOverride":0,"PlayersClose":[],"AlreadyUnlocked":true,"Enabled":true}}],"LastPerceptionRollRank":[],"FreeformData":{"m_Data":[]},"m_IsInGame":true,"m_IsRevealed":true,"WasHighlightedOnReveal":false,"IsPerceptionCheckPassed":true,"UniqueId":"f896beca-5cde-4c07-bc60-b6fed1d34452","ShouldBeDestroyed":false,"ShouldFadeOutViewAndDestroy":false},{"$id":"12","$type":"Kingmaker.View.LocatorView+EntityData, Assembly-CSharp","FreeformData":{"m_Data":[]},"m_IsInGame":true,"m_IsRevealed":false,"UniqueId":"25919115-5fc5-47b8-936d-3bf261210134","ShouldBeDestroyed":false,"ShouldFadeOutViewAndDestroy":false},{"$id":"13","$type":"Kingmaker.View.LocatorView+EntityData, Assembly-CSharp","FreeformData":{"m_Data":[]},"m_IsInGame":true,"m_IsRevealed":false,"UniqueId":"8093093b-a55d-4001-8b48-95ec63cd0039","ShouldBeDestroyed":false,"ShouldFadeOutViewAndDestroy":false},{"$id":"14","$type":"Kingmaker.View.LocatorView+EntityData, Assembly-CSharp","FreeformData":{"m_Data":[]},"m_IsInGame":true,"m_IsRevealed":false,"UniqueId":"18d31631-d05b-49fd-8273-24a8d8f1ed37","ShouldBeDestroyed":false,"ShouldFadeOutViewAndDestroy":false},{"$id":"15","$type":"Kingmaker.View.LocatorView+EntityData, Assembly-CSharp","FreeformData":{"m_Data":[]},"m_IsInGame":true,"m_IsRevealed":false,"UniqueId":"648900be-dfe3-4a2e-838a-9cf00a2ce231","ShouldBeDestroyed":false,"ShouldFadeOutViewAndDestroy":false},{"$id":"16","$type":"Kingmaker.View.LocatorView+EntityData, Assembly-CSharp","FreeformData":{"m_Data":[]},"m_IsInGame":true,"m_IsRevealed":false,"UniqueId":"eaa3f766-1919-4521-ae33-2971093828a9","ShouldBeDestroyed":false,"ShouldFadeOutViewAndDestroy":false},{"$id":"17","$type":"Kingmaker.View.LocatorView+EntityData, Assembly-CSharp","FreeformData":{"m_Data":[]},"m_IsInGame":true,"m_IsRevealed":false,"UniqueId":"ef232c65-eb0e-4d9e-a409-0299aad50975","ShouldBeDestroyed":false,"ShouldFadeOutViewAndDestroy":false},{"$id":"18","$type":"Kingmaker.View.LocatorView+EntityData, Assembly-CSharp","FreeformData":{"m_Data":[]},"m_IsInGame":true,"m_IsRevealed":false,"UniqueId":"11f93a07-8b4c-486b-bcbc-9cd356ab0243","ShouldBeDestroyed":false,"ShouldFadeOutViewAndDestroy":false},{"$id":"19","$type":"Kingmaker.View.LocatorView+EntityData, Assembly-CSharp","FreeformData":{"m_Data":[]},"m_IsInGame":true,"m_IsRevealed":false,"UniqueId":"cef6757b-e002-4edc-91eb-e10efbcb639a","ShouldBeDestroyed":false,"ShouldFadeOutViewAndDestroy":false},{"$id":"20","$type":"Kingmaker.View.LocatorView+EntityData, Assembly-CSharp","FreeformData":{"m_Data":[]},"m_IsInGame":true,"m_IsRevealed":false,"UniqueId":"d58d753d-876e-48e1-883f-3386285d99ae","ShouldBeDestroyed":false,"ShouldFadeOutViewAndDestroy":false},{"$id":"21","$type":"Kingmaker.View.LocatorView+EntityData, Assembly-CSharp","FreeformData":{"m_Data":[]},"m_IsInGame":true,"m_IsRevealed":false,"UniqueId":"ac441e00-8333-4189-b51f-ec7256c4d1a9","ShouldBeDestroyed":false,"ShouldFadeOutViewAndDestroy":false},{"$id":"22","$type":"Kingmaker.View.LocatorView+EntityData, Assembly-CSharp","FreeformData":{"m_Data":[]},"m_IsInGame":true,"m_IsRevealed":false,"UniqueId":"68177370-49b5-4df3-9857-0df7a8b5710f","ShouldBeDestroyed":false,"ShouldFadeOutViewAndDestroy":false},{"$id":"23","$type":"Kingmaker.View.LocatorView+EntityData, Assembly-CSharp","FreeformData":{"m_Data":[]},"m_IsInGame":true,"m_IsRevealed":false,"UniqueId":"e7eb60eb-ad73-40df-8268-1a5ef1dc824d","ShouldBeDestroyed":false,"ShouldFadeOutViewAndDestroy":false},{"$id":"24","$type":"Kingmaker.EntitySystem.Entities.MapObjectEntityData, Assembly-CSharp","m_ComponentsData":[{"$id":"25","ComponentTypeName":"LootComponent","Data":{"$id":"26","$type":"Kingmaker.View.MapObjects.LootComponent+LootPersistentData, Assembly-CSharp","Unit":null,"Loot":{"$id":"27","m_Items":[{"$id":"28","$type":"Kingmaker.Items.ItemEntitySimple, Assembly-CSharp","m_Blueprint":"09b3777f0bc539142b8f58e1e4a570de","m_Count":1,"m_InventorySlotIndex":0,"m_Enchantments":null,"m_FactsAppliedToWielder":null,"m_SkinningSuccessful":false,"m_IdentifyRolls":[],"Collection":{"$ref":"27"},"Wielder":null,"HoldingSlot":null,"Time":"00:00:00","Ability":null,"ActivatableAbility":null,"Charges":0,"IsIdentified":true,"SellTime":null,"IsNonRemovable":false},{"$id":"29","$type":"Kingmaker.Items.ItemEntitySimple, Assembly-CSharp","m_Blueprint":"17e5973a5ef49ce42ac49117d693efaa","m_Count":1,"m_InventorySlotIndex":1,"m_Enchantments":null,"m_FactsAppliedToWielder":null,"m_SkinningSuccessful":false,"m_IdentifyRolls":[],"Collection":{"$ref":"27"},"Wielder":null,"HoldingSlot":null,"Time":"00:00:00","Ability":null,"ActivatableAbility":null,"Charges":0,"IsIdentified":true,"SellTime":null,"IsNonRemovable":false},{"$id":"30","$type":"Kingmaker.Items.ItemEntitySimple, Assembly-CSharp","m_Blueprint":"f2bc0997c24e573448c6c91d2be88afa","m_Count":4,"m_InventorySlotIndex":2,"m_Enchantments":null,"m_FactsAppliedToWielder":null,"m_SkinningSuccessful":false,"m_IdentifyRolls":[],"Collection":{"$ref":"27"},"Wielder":null,"HoldingSlot":null,"Time":"00:00:00","Ability":null,"ActivatableAbility":null,"Charges":0,"IsIdentified":true,"SellTime":null,"IsNonRemovable":false}],"Owner":null},"m_KnownItems":[{"Key":"09b3777f0bc539142b8f58e1e4a570de","Value":1},{"Key":"17e5973a5ef49ce42ac49117d693efaa","Value":1},{"Key":"f2bc0997c24e573448c6c91d2be88afa","Value":4}],"PlayersClose":[],"AlreadyUnlocked":false,"Enabled":true,"TriggeredTake":false,"TriggeredClose":false,"IsViewed":false}},{"$id":"31","ComponentTypeName":"LocalMapMarker","Data":{"$id":"32","$type":"Kingmaker.View.MapObjects.LocalMapMarker+MapMarkerData, Assembly-CSharp","Hidden":false}}],"LastPerceptionRollRank":[],"FreeformData":{"m_Data":[]},"m_IsInGame":true,"m_IsRevealed":true,"WasHighlightedOnReveal":true,"IsPerceptionCheckPassed":true,"UniqueId":"900ba758-676c-4785-b495-4b348f80d132","ShouldBeDestroyed":false,"ShouldFadeOutViewAndDestroy":false},{"$id":"33","$type":"Kingmaker.EntitySystem.Entities.MapObjectEntityData, Assembly-CSharp","m_ComponentsData":[{"$id":"34","ComponentTypeName":"LootComponent","Data":{"$id":"35","$type":"Kingmaker.View.MapObjects.LootComponent+LootPersistentData, Assembly-CSharp","Unit":null,"Loot":{"$id":"36","m_Items":[{"$id":"37","$type":"Kingmaker.Items.ItemEntitySimple, Assembly-CSharp","m_Blueprint":"ca1922a13065e284093c4e838a6c9976","m_Count":2,"m_InventorySlotIndex":0,"m_Enchantments":null,"m_FactsAppliedToWielder":null,"m_SkinningSuccessful":false,"m_IdentifyRolls":[],"Collection":{"$ref":"36"},"Wielder":null,"HoldingSlot":null,"Time":"00:00:00","Ability":null,"ActivatableAbility":null,"Charges":0,"IsIdentified":true,"SellTime":null,"IsNonRemovable":false},{"$id":"38","$type":"Kingmaker.Items.ItemEntitySimple, Assembly-CSharp","m_Blueprint":"3895603713e2b5f47b0238b9fb706edb","m_Count":1,"m_InventorySlotIndex":1,"m_Enchantments":null,"m_FactsAppliedToWielder":null,"m_SkinningSuccessful":false,"m_IdentifyRolls":[],"Collection":{"$ref":"36"},"Wielder":null,"HoldingSlot":null,"Time":"00:00:00","Ability":null,"ActivatableAbility":null,"Charges":0,"IsIdentified":true,"SellTime":null,"IsNonRemovable":false},{"$id":"39","$type":"Kingmaker.Items.ItemEntitySimple, Assembly-CSharp","m_Blueprint":"8adb329f4ac14694eaec87f42a8684d2","m_Count":1,"m_InventorySlotIndex":2,"m_Enchantments":null,"m_FactsAppliedToWielder":null,"m_SkinningSuccessful":false,"m_IdentifyRolls":[],"Collection":{"$ref":"36"},"Wielder":null,"HoldingSlot":null,"Time":"00:00:00","Ability":null,"ActivatableAbility":null,"Charges":0,"IsIdentified":true,"SellTime":null,"IsNonRemovable":false},{"$id":"40","$type":"Kingmaker.Items.ItemEntitySimple, Assembly-CSharp","m_Blueprint":"b7979b643062ffc47acf3cbc1ffd697c","m_Count":1,"m_InventorySlotIndex":3,"m_Enchantments":null,"m_FactsAppliedToWielder":null,"m_SkinningSuccessful":false,"m_IdentifyRolls":[],"Collection":{"$ref":"36"},"Wielder":null,"HoldingSlot":null,"Time":"00:00:00","Ability":null,"ActivatableAbility":null,"Charges":0,"IsIdentified":true,"SellTime":null,"IsNonRemovable":false},{"$id":"41","$type":"Kingmaker.Items.ItemEntityUsable, Assembly-CSharp","m_Blueprint":"17959707c7004bd4abad2983f8a4af66","m_Count":1,"m_InventorySlotIndex":4,"m_Enchantments":null,"m_FactsAppliedToWielder":null,"m_SkinningSuccessful":false,"m_IdentifyRolls":[],"Collection":{"$ref":"36"},"Wielder":null,"HoldingSlot":null,"Time":"00:00:00","Ability":null,"ActivatableAbility":null,"Charges":1,"IsIdentified":true,"SellTime":null,"IsNonRemovable":false}],"Owner":null},"m_KnownItems":[{"Key":"ca1922a13065e284093c4e838a6c9976","Value":2},{"Key":"3895603713e2b5f47b0238b9fb706edb","Value":1},{"Key":"8adb329f4ac14694eaec87f42a8684d2","Value":1},{"Key":"b7979b643062ffc47acf3cbc1ffd697c","Value":1},{"Key":"17959707c7004bd4abad2983f8a4af66","Value":1}],"PlayersClose":[],"AlreadyUnlocked":false,"Enabled":true,"TriggeredTake":false,"TriggeredClose":false,"IsViewed":false}},{"$id":"42","ComponentTypeName":"LocalMapMarker","Data":{"$id":"43","$type":"Kingmaker.View.MapObjects.LocalMapMarker+MapMarkerData, Assembly-CSharp","Hidden":false}},{"$id":"44","ComponentTypeName":"DisableDeviceRestriction","Data":{"$id":"45","$type":"Kingmaker.View.MapObjects.InteractionRestrictions.DisableDeviceRestriction+DisableDeviceRestrictionData, Assembly-CSharp","DCOverride":21,"LastSkillRank":[],"Unlocked":false}}],"LastPerceptionRollRank":[],"FreeformData":{"m_Data":[]},"m_IsInGame":true,"m_IsRevealed":true,"WasHighlightedOnReveal":true,"IsPerceptionCheckPassed":true,"UniqueId":"9fe2eae3-0a5d-415e-a403-a4e314b96df0","ShouldBeDestroyed":false,"ShouldFadeOutViewAndDestroy":false},{"$id":"46","$type":"Kingmaker.EntitySystem.Entities.MapObjectEntityData, Assembly-CSharp","m_ComponentsData":[{"$id":"47","ComponentTypeName":"LootComponent","Data":{"$id":"48","$type":"Kingmaker.View.MapObjects.LootComponent+LootPersistentData, Assembly-CSharp","Unit":null,"Loot":null,"m_KnownItems":[{"Key":"b70aa3e06d55bfd41b9ee6d3a89bc0a8","Value":1},{"Key":"1eae0544e4429344599871cfc925f7de","Value":1},{"Key":"212a1a78c7865154482ffda45796510e","Value":1},{"Key":"792862674c565ad4fbb1ab0c97c42acd","Value":1}],"PlayersClose":[],"AlreadyUnlocked":false,"Enabled":true,"TriggeredTake":false,"TriggeredClose":false,"IsViewed":false}},{"$id":"49","ComponentTypeName":"LocalMapMarker","Data":{"$id":"50","$type":"Kingmaker.View.MapObjects.LocalMapMarker+MapMarkerData, Assembly-CSharp","Hidden":false}},{"$id":"51","ComponentTypeName":"KingdomLootComponent","Data":{"$id":"52"}}],"LastPerceptionRollRank":[],"FreeformData":{"m_Data":[]},"m_IsInGame":true,"m_IsRevealed":true,"WasHighlightedOnReveal":true,"IsPerceptionCheckPassed":true,"UniqueId":"196d6ee1-1913-46b0-b20d-786370037ef9","ShouldBeDestroyed":false,"ShouldFadeOutViewAndDestroy":false},{"$id":"53","$type":"Kingmaker.EntitySystem.Entities.MapObjectEntityData, Assembly-CSharp","m_ComponentsData":[{"$id":"54","ComponentTypeName":"LootComponent","Data":{"$id":"55","$type":"Kingmaker.View.MapObjects.LootComponent+LootPersistentData, Assembly-CSharp","Unit":null,"Loot":{"$id":"56","m_Items":[{"$id":"57","$type":"Kingmaker.Items.ItemEntitySimple, Assembly-CSharp","m_Blueprint":"cb3eaa822e14b9d48a3515dedafbb880","m_Count":1,"m_InventorySlotIndex":0,"m_Enchantments":null,"m_FactsAppliedToWielder":null,"m_SkinningSuccessful":false,"m_IdentifyRolls":[],"Collection":{"$ref":"56"},"Wielder":null,"HoldingSlot":null,"Time":"00:00:00","Ability":null,"ActivatableAbility":null,"Charges":0,"IsIdentified":true,"SellTime":null,"IsNonRemovable":false}],"Owner":null},"m_KnownItems":[{"Key":"cb3eaa822e14b9d48a3515dedafbb880","Value":1}],"PlayersClose":[],"AlreadyUnlocked":false,"Enabled":true,"TriggeredTake":false,"TriggeredClose":false,"IsViewed":false}},{"$id":"58","ComponentTypeName":"LocalMapMarker","Data":{"$id":"59","$type":"Kingmaker.View.MapObjects.LocalMapMarker+MapMarkerData, Assembly-CSharp","Hidden":false}}],"LastPerceptionRollRank":[],"FreeformData":{"m_Data":[]},"m_IsInGame":true,"m_IsRevealed":true,"WasHighlightedOnReveal":true,"IsPerceptionCheckPassed":true,"UniqueId":"195e4a5f-a4eb-4cf9-8c31-2cf327b4df5e","ShouldBeDestroyed":false,"ShouldFadeOutViewAndDestroy":false}],"HasEntityData":true}