{"$id":"1","Name":"Old Sycamore - 24 Gozran (IV) 4710 - 22:19:31","Description":"We're setting off on our first big adventure! Jamandi Aldori, a Restovic Swordlord, is testing the contenders, weighing who shall be ruler of the Stolen Lands. There's only one way to prove that you're worthy of the title: rid the area of the ravaging bandits and their leader, the bloody cutthroat known only as the Stag Lord. Tremble, ye scoundrels — we are coming!","GameName":"Lillith","GameId":"bbddba71-a0d1-4be7-bf5d-a65597424db5","CampaignDLC":"None","Type":"Manual","IsAutoLevelupSave":false,"QuickSaveNumber":0,"LoadedTimes":0,"Area":"1640083b9540067469759162028a17f7","AreaNameOverride":null,"PartyPortraits":[{"$id":"2","m_Blueprint":"9e51b42762e51f943b0200ce27b73f15","m_Data":null},{"$id":"3","m_Blueprint":"a87b6eb02054bb5439d3de2ba34f950b","m_Data":null},{"$id":"4","m_Blueprint":"a46809e5b42212045a29d7e37fc27d94","m_Data":null},{"$id":"5","m_Blueprint":"9608ea376ae7821419b6a7adfe575e3e","m_Data":null},{"$id":"6","m_Blueprint":"cfb97eb4f37ff4a468cd64857a6922c2","m_Data":null}],"SystemSaveTime":"2019-03-07T00:58:41.475714+01:00","GameSaveTime":"9.22:19:31.0690000","GameTotalTime":"02:15:33.0150000","Versions":[1010,1020,1030,1040,1050,1060,1070,1080,1090,1100,1110,1120,1130,1140,1150,1160,1170,1180,1190,1200,1210,1220,1230,1240,1250,1260,1270,1280,1290,1300,1301,1310,1320,1330,1340,1350,1360,1370,1380,1390,1391,1400,1410,1420,1430,1440,1450,1460,1470,1480,1490,1500,1510,1520,1530,1540,1550,1560,1570,1580,1590,1600,1610,1620,1630,1640,1650,1660,1670,1680,1690,1700,1710,1720,1730,1740,1750,1760,1770,1780,1790,1800,1810,1820,1830,1840],"CompatibilityVersion":1,"DLC":["Tieflings","Varnhold"]}